from date,PM10,SO2,NOx,CO,WD,WS,Temp,RH,SR,to date,station
01-Jan-2018 - 00:00,130.55,35.79,48.0,1.4,70.29,0.21,22.5,54.34,153.65,02-Jan-2018 - 00:00,"Airoli, Navi Mumbai - MPCB"
02-Jan-2018 - 00:00,127.05,35.93,48.57,1.41,125.11,0.23,22.25,55.67,143.89,03-Jan-2018 - 00:00,"Airoli, Navi Mumbai - MPCB"
03-Jan-2018 - 00:00,141.18,37.47,50.13,1.41,145.91,0.26,22.58,63.54,135.64,04-Jan-2018 - 00:00,"Airoli, Navi Mumbai - MPCB"
04-Jan-2018 - 00:00,118.73,41.6,53.88,1.61,88.39,0.19,22.46,67.32,163.54,05-Jan-2018 - 00:00,"Airoli, Navi Mumbai - MPCB"
05-Jan-2018 - 00:00,129.14,41.04,53.75,1.73,81.1,0.24,22.97,61.05,131.39,06-Jan-2018 - 00:00,"Airoli, Navi Mumbai - MPCB"
06-Jan-2018 - 00:00,92.53,36.85,50.01,1.76,68.12,0.31,23.35,44.65,143.7,07-Jan-2018 - 00:00,"Airoli, Navi Mumbai - MPCB"
07-Jan-2018 - 00:00,86.11,35.5,48.1,1.76,62.71,0.32,22.35,40.95,140.26,08-Jan-2018 - 00:00,"Airoli, Navi Mumbai - MPCB"
08-Jan-2018 - 00:00,112.91,39.34,52.01,1.81,99.75,0.23,21.67,55.79,131.44,09-Jan-2018 - 00:00,"Airoli, Navi Mumbai - MPCB"
09-Jan-2018 - 00:00,147.6,43.69,56.46,1.82,124.99,0.31,23.21,58.49,133.14,10-Jan-2018 - 00:00,"Airoli, Navi Mumbai - MPCB"
10-Jan-2018 - 00:00,163.12,45.64,58.4,1.83,76.88,0.26,24.47,52.79,131.93,11-Jan-2018 - 00:00,"Airoli, Navi Mumbai - MPCB"
11-Jan-2018 - 00:00,134.23,43.93,56.79,1.82,112.92,0.24,26.13,45.19,122.83,12-Jan-2018 - 00:00,"Airoli, Navi Mumbai - MPCB"
12-Jan-2018 - 00:00,127.93,46.21,58.91,1.88,101.31,0.25,27.43,50.23,94.83,13-Jan-2018 - 00:00,"Airoli, Navi Mumbai - MPCB"
13-Jan-2018 - 00:00,123.58,45.95,59.46,1.86,119.72,0.18,26.26,53.39,106.24,14-Jan-2018 - 00:00,"Airoli, Navi Mumbai - MPCB"
14-Jan-2018 - 00:00,134.45,48.95,61.87,1.86,126.65,0.27,26.64,59.84,115.47,15-Jan-2018 - 00:00,"Airoli, Navi Mumbai - MPCB"
15-Jan-2018 - 00:00,145.15,49.61,62.51,1.78,84.49,0.25,27.22,57.97,110.76,16-Jan-2018 - 00:00,"Airoli, Navi Mumbai - MPCB"
16-Jan-2018 - 00:00,126.61,51.12,64.09,1.71,107.05,0.28,27.53,49.13,116.24,17-Jan-2018 - 00:00,"Airoli, Navi Mumbai - MPCB"
17-Jan-2018 - 00:00,102.18,50.11,63.04,1.79,96.7,0.27,26.73,47.25,160.69,18-Jan-2018 - 00:00,"Airoli, Navi Mumbai - MPCB"
18-Jan-2018 - 00:00,73.96,41.5,54.25,1.84,65.63,0.52,27.35,40.4,162.56,19-Jan-2018 - 00:00,"Airoli, Navi Mumbai - MPCB"
19-Jan-2018 - 00:00,75.5,41.54,54.29,1.78,72.17,0.33,26.19,39.71,148.81,20-Jan-2018 - 00:00,"Airoli, Navi Mumbai - MPCB"
20-Jan-2018 - 00:00,98.92,40.96,53.61,1.65,124.36,0.23,25.66,40.33,155.29,21-Jan-2018 - 00:00,"Airoli, Navi Mumbai - MPCB"
21-Jan-2018 - 00:00,102.25,43.92,56.71,1.63,123.93,0.23,24.87,47.07,149.72,22-Jan-2018 - 00:00,"Airoli, Navi Mumbai - MPCB"
22-Jan-2018 - 00:00,118.5,44.83,57.66,1.57,133.13,0.2,24.44,52.61,152.39,23-Jan-2018 - 00:00,"Airoli, Navi Mumbai - MPCB"
23-Jan-2018 - 00:00,103.59,43.75,56.56,1.5,69.59,0.32,23.14,60.39,155.87,24-Jan-2018 - 00:00,"Airoli, Navi Mumbai - MPCB"
24-Jan-2018 - 00:00,108.69,41.52,54.25,1.46,92.61,0.26,22.57,48.79,175.14,25-Jan-2018 - 00:00,"Airoli, Navi Mumbai - MPCB"
25-Jan-2018 - 00:00,129.81,42.88,55.66,1.43,79.98,0.25,23.59,48.44,179.03,26-Jan-2018 - 00:00,"Airoli, Navi Mumbai - MPCB"
26-Jan-2018 - 00:00,81.1,39.72,52.42,1.39,100.9,0.29,24.68,39.36,182.83,27-Jan-2018 - 00:00,"Airoli, Navi Mumbai - MPCB"
27-Jan-2018 - 00:00,95.79,40.51,53.21,1.31,84.4,0.29,24.02,42.41,164.38,28-Jan-2018 - 00:00,"Airoli, Navi Mumbai - MPCB"
28-Jan-2018 - 00:00,94.68,42.91,55.67,1.29,81.73,0.25,23.19,44.6,188.15,29-Jan-2018 - 00:00,"Airoli, Navi Mumbai - MPCB"
29-Jan-2018 - 00:00,118.41,44.07,56.85,1.25,93.96,0.28,24.6,46.47,156.88,30-Jan-2018 - 00:00,"Airoli, Navi Mumbai - MPCB"
30-Jan-2018 - 00:00,127.39,45.28,58.21,1.23,111.8,0.15,26.37,39.79,164.83,31-Jan-2018 - 00:00,"Airoli, Navi Mumbai - MPCB"
31-Jan-2018 - 00:00,145.25,48.64,61.54,1.21,137.68,0.18,25.86,37.91,144.34,01-Feb-2018 - 00:00,"Airoli, Navi Mumbai - MPCB"
01-Feb-2018 - 00:00,135.58,50.12,63.05,1.07,131.54,0.17,25.34,39.27,135.05,02-Feb-2018 - 00:00,"Airoli, Navi Mumbai - MPCB"
02-Feb-2018 - 00:00,136.1,49.39,62.29,1.0,126.73,0.21,25.17,42.98,143.52,03-Feb-2018 - 00:00,"Airoli, Navi Mumbai - MPCB"
03-Feb-2018 - 00:00,149.3,50.06,63.01,0.91,69.99,0.2,25.38,46.73,137.35,04-Feb-2018 - 00:00,"Airoli, Navi Mumbai - MPCB"
04-Feb-2018 - 00:00,124.37,50.7,63.37,0.8,124.02,0.12,26.63,43.32,131.45,05-Feb-2018 - 00:00,"Airoli, Navi Mumbai - MPCB"
05-Feb-2018 - 00:00,136.26,52.52,65.52,0.67,162.79,0.15,25.21,49.07,127.36,06-Feb-2018 - 00:00,"Airoli, Navi Mumbai - MPCB"
06-Feb-2018 - 00:00,145.41,50.31,66.17,0.59,146.26,0.2,25.92,50.13,91.28,07-Feb-2018 - 00:00,"Airoli, Navi Mumbai - MPCB"
07-Feb-2018 - 00:00,145.05,50.06,65.77,0.46,172.25,0.19,25.59,53.76,61.34,08-Feb-2018 - 00:00,"Airoli, Navi Mumbai - MPCB"
08-Feb-2018 - 00:00,148.08,57.85,70.89,0.45,162.28,0.21,25.41,65.81,133.14,09-Feb-2018 - 00:00,"Airoli, Navi Mumbai - MPCB"
09-Feb-2018 - 00:00,106.22,52.15,67.87,0.25,98.53,0.22,24.07,51.43,165.69,10-Feb-2018 - 00:00,"Airoli, Navi Mumbai - MPCB"
10-Feb-2018 - 00:00,83.71,48.11,66.81,0.04,92.55,0.25,22.84,41.4,144.88,11-Feb-2018 - 00:00,"Airoli, Navi Mumbai - MPCB"
11-Feb-2018 - 00:00,66.22,49.65,65.47,0.13,128.76,0.24,23.88,58.57,172.22,12-Feb-2018 - 00:00,"Airoli, Navi Mumbai - MPCB"
12-Feb-2018 - 00:00,58.23,47.15,62.66,0.09,169.94,0.36,22.59,59.9,169.78,13-Feb-2018 - 00:00,"Airoli, Navi Mumbai - MPCB"
13-Feb-2018 - 00:00,106.14,52.35,64.71,0.12,118.76,,24.78,57.66,194.1,14-Feb-2018 - 00:00,"Airoli, Navi Mumbai - MPCB"
14-Feb-2018 - 00:00,99.88,52.15,64.51,1.63,104.5,,28.45,50.3,139.77,15-Feb-2018 - 00:00,"Airoli, Navi Mumbai - MPCB"
15-Feb-2018 - 00:00,77.41,50.48,51.43,1.75,112.31,,30.68,43.68,142.19,16-Feb-2018 - 00:00,"Airoli, Navi Mumbai - MPCB"
16-Feb-2018 - 00:00,103.88,56.43,28.81,2.5,111.55,,30.05,45.29,147.66,17-Feb-2018 - 00:00,"Airoli, Navi Mumbai - MPCB"
17-Feb-2018 - 00:00,121.3,54.37,28.21,2.42,100.04,,29.08,36.75,174.4,18-Feb-2018 - 00:00,"Airoli, Navi Mumbai - MPCB"
18-Feb-2018 - 00:00,102.32,51.3,27.32,2.37,101.16,,28.87,35.72,154.28,19-Feb-2018 - 00:00,"Airoli, Navi Mumbai - MPCB"
19-Feb-2018 - 00:00,141.72,53.42,27.94,2.32,123.28,,28.8,38.64,174.65,20-Feb-2018 - 00:00,"Airoli, Navi Mumbai - MPCB"
20-Feb-2018 - 00:00,170.13,60.68,30.06,2.28,136.31,,28.75,46.92,159.91,21-Feb-2018 - 00:00,"Airoli, Navi Mumbai - MPCB"
21-Feb-2018 - 00:00,141.0,,,,,,,,,22-Feb-2018 - 00:00,"Airoli, Navi Mumbai - MPCB"
22-Feb-2018 - 00:00,123.58,45.44,25.61,1.69,170.29,,33.84,36.79,201.21,23-Feb-2018 - 00:00,"Airoli, Navi Mumbai - MPCB"
23-Feb-2018 - 00:00,164.79,32.44,21.82,1.82,158.61,,29.69,57.01,166.0,24-Feb-2018 - 00:00,"Airoli, Navi Mumbai - MPCB"
24-Feb-2018 - 00:00,147.9,31.32,21.49,1.93,173.06,,29.74,45.79,160.58,25-Feb-2018 - 00:00,"Airoli, Navi Mumbai - MPCB"
25-Feb-2018 - 00:00,119.52,29.03,20.83,1.95,141.17,,31.83,34.89,157.39,26-Feb-2018 - 00:00,"Airoli, Navi Mumbai - MPCB"
26-Feb-2018 - 00:00,124.26,30.41,21.23,1.97,153.0,,31.1,36.22,166.12,27-Feb-2018 - 00:00,"Airoli, Navi Mumbai - MPCB"
27-Feb-2018 - 00:00,138.6,33.68,22.18,1.99,173.81,,31.11,34.85,158.77,28-Feb-2018 - 00:00,"Airoli, Navi Mumbai - MPCB"
28-Feb-2018 - 00:00,149.79,33.64,22.17,2.04,187.0,,31.15,38.66,158.72,01-Mar-2018 - 00:00,"Airoli, Navi Mumbai - MPCB"
01-Mar-2018 - 00:00,160.86,35.92,22.83,2.09,194.75,,30.1,48.47,151.81,02-Mar-2018 - 00:00,"Airoli, Navi Mumbai - MPCB"
02-Mar-2018 - 00:00,140.07,35.89,22.83,2.14,139.82,,30.44,59.41,139.01,03-Mar-2018 - 00:00,"Airoli, Navi Mumbai - MPCB"
03-Mar-2018 - 00:00,112.92,35.35,22.67,2.16,219.21,,30.51,58.69,158.85,04-Mar-2018 - 00:00,"Airoli, Navi Mumbai - MPCB"
04-Mar-2018 - 00:00,88.54,34.4,22.39,2.18,215.09,,30.38,63.62,158.13,05-Mar-2018 - 00:00,"Airoli, Navi Mumbai - MPCB"
05-Mar-2018 - 00:00,107.64,33.6,22.16,2.22,97.89,,30.26,51.2,177.06,06-Mar-2018 - 00:00,"Airoli, Navi Mumbai - MPCB"
06-Mar-2018 - 00:00,119.38,36.27,22.94,2.35,148.56,,31.25,44.4,171.35,07-Mar-2018 - 00:00,"Airoli, Navi Mumbai - MPCB"
07-Mar-2018 - 00:00,94.06,35.1,22.6,2.39,189.14,,30.79,49.92,151.1,08-Mar-2018 - 00:00,"Airoli, Navi Mumbai - MPCB"
08-Mar-2018 - 00:00,99.7,30.69,21.31,2.5,192.35,,28.91,57.86,192.0,09-Mar-2018 - 00:00,"Airoli, Navi Mumbai - MPCB"
09-Mar-2018 - 00:00,95.36,30.33,21.2,2.49,119.11,,28.88,42.85,205.47,10-Mar-2018 - 00:00,"Airoli, Navi Mumbai - MPCB"
10-Mar-2018 - 00:00,114.37,32.54,21.85,2.43,198.57,,30.53,47.63,173.94,11-Mar-2018 - 00:00,"Airoli, Navi Mumbai - MPCB"
11-Mar-2018 - 00:00,106.25,32.5,21.84,2.5,88.97,,32.08,40.88,179.92,12-Mar-2018 - 00:00,"Airoli, Navi Mumbai - MPCB"
12-Mar-2018 - 00:00,101.74,33.05,22.0,2.53,123.08,,31.86,29.84,194.23,13-Mar-2018 - 00:00,"Airoli, Navi Mumbai - MPCB"
13-Mar-2018 - 00:00,117.56,33.82,22.22,2.55,97.55,,31.78,28.45,158.73,14-Mar-2018 - 00:00,"Airoli, Navi Mumbai - MPCB"
14-Mar-2018 - 00:00,74.53,33.91,22.25,2.55,90.08,,32.51,26.18,123.96,15-Mar-2018 - 00:00,"Airoli, Navi Mumbai - MPCB"
15-Mar-2018 - 00:00,95.38,30.26,21.18,2.75,143.79,,29.14,49.33,20.36,16-Mar-2018 - 00:00,"Airoli, Navi Mumbai - MPCB"
16-Mar-2018 - 00:00,93.3,30.96,21.39,2.77,190.0,,29.71,46.16,148.02,17-Mar-2018 - 00:00,"Airoli, Navi Mumbai - MPCB"
17-Mar-2018 - 00:00,108.43,30.67,21.3,2.79,155.24,,30.63,44.74,182.19,18-Mar-2018 - 00:00,"Airoli, Navi Mumbai - MPCB"
18-Mar-2018 - 00:00,96.09,31.68,21.6,2.79,230.02,,30.59,58.96,152.57,19-Mar-2018 - 00:00,"Airoli, Navi Mumbai - MPCB"
19-Mar-2018 - 00:00,76.48,30.04,21.12,2.75,244.36,,30.27,58.36,229.52,20-Mar-2018 - 00:00,"Airoli, Navi Mumbai - MPCB"
20-Mar-2018 - 00:00,79.49,29.29,20.9,2.77,153.03,,30.28,58.02,232.58,21-Mar-2018 - 00:00,"Airoli, Navi Mumbai - MPCB"
21-Mar-2018 - 00:00,75.3,28.32,20.62,2.84,129.37,,29.64,58.43,219.41,22-Mar-2018 - 00:00,"Airoli, Navi Mumbai - MPCB"
22-Mar-2018 - 00:00,90.85,28.15,20.57,2.97,182.47,,28.33,57.77,225.03,23-Mar-2018 - 00:00,"Airoli, Navi Mumbai - MPCB"
23-Mar-2018 - 00:00,114.7,28.84,20.77,3.05,165.79,,28.45,58.43,219.79,24-Mar-2018 - 00:00,"Airoli, Navi Mumbai - MPCB"
24-Mar-2018 - 00:00,121.0,29.63,21.0,3.11,184.46,,30.24,52.35,223.81,25-Mar-2018 - 00:00,"Airoli, Navi Mumbai - MPCB"
25-Mar-2018 - 00:00,,27.05,20.25,3.19,122.15,,37.81,22.8,165.01,26-Mar-2018 - 00:00,"Airoli, Navi Mumbai - MPCB"
26-Mar-2018 - 00:00,128.02,30.31,24.69,2.9,192.81,,34.58,33.43,181.04,27-Mar-2018 - 00:00,"Airoli, Navi Mumbai - MPCB"
27-Mar-2018 - 00:00,80.01,31.08,35.97,2.27,207.43,,30.74,73.67,180.97,28-Mar-2018 - 00:00,"Airoli, Navi Mumbai - MPCB"
28-Mar-2018 - 00:00,72.99,29.57,34.83,2.25,270.82,,30.43,73.84,238.37,29-Mar-2018 - 00:00,"Airoli, Navi Mumbai - MPCB"
29-Mar-2018 - 00:00,72.04,28.64,34.13,2.23,195.44,,30.13,72.01,242.91,30-Mar-2018 - 00:00,"Airoli, Navi Mumbai - MPCB"
30-Mar-2018 - 00:00,65.31,25.4,31.68,2.27,208.03,,30.0,72.38,250.86,31-Mar-2018 - 00:00,"Airoli, Navi Mumbai - MPCB"
31-Mar-2018 - 00:00,64.3,24.57,31.05,2.18,271.43,,30.22,71.69,255.47,01-Apr-2018 - 00:00,"Airoli, Navi Mumbai - MPCB"
01-Apr-2018 - 00:00,76.33,24.93,31.32,2.27,146.77,,30.14,69.21,206.24,02-Apr-2018 - 00:00,"Airoli, Navi Mumbai - MPCB"
02-Apr-2018 - 00:00,81.46,25.72,31.92,2.34,172.07,,30.68,61.54,213.45,03-Apr-2018 - 00:00,"Airoli, Navi Mumbai - MPCB"
03-Apr-2018 - 00:00,98.84,27.61,33.35,2.32,99.89,,30.25,61.59,193.58,04-Apr-2018 - 00:00,"Airoli, Navi Mumbai - MPCB"
04-Apr-2018 - 00:00,95.89,27.73,33.44,2.4,167.16,,31.51,53.72,230.61,05-Apr-2018 - 00:00,"Airoli, Navi Mumbai - MPCB"
05-Apr-2018 - 00:00,109.87,27.67,33.39,2.41,176.66,,31.44,57.73,198.87,06-Apr-2018 - 00:00,"Airoli, Navi Mumbai - MPCB"
06-Apr-2018 - 00:00,123.81,27.51,33.27,2.46,138.93,,31.05,56.51,161.91,07-Apr-2018 - 00:00,"Airoli, Navi Mumbai - MPCB"
07-Apr-2018 - 00:00,114.28,26.3,32.35,2.56,150.09,,31.52,60.1,170.78,08-Apr-2018 - 00:00,"Airoli, Navi Mumbai - MPCB"
08-Apr-2018 - 00:00,113.43,26.6,32.58,2.7,188.76,,30.85,58.61,183.44,09-Apr-2018 - 00:00,"Airoli, Navi Mumbai - MPCB"
09-Apr-2018 - 00:00,107.18,25.21,31.53,2.85,107.08,,30.79,56.96,247.41,10-Apr-2018 - 00:00,"Airoli, Navi Mumbai - MPCB"
10-Apr-2018 - 00:00,96.28,25.26,31.57,2.24,97.73,,31.59,61.35,219.37,11-Apr-2018 - 00:00,"Airoli, Navi Mumbai - MPCB"
11-Apr-2018 - 00:00,91.15,27.86,33.54,1.0,145.01,,31.12,67.06,189.16,12-Apr-2018 - 00:00,"Airoli, Navi Mumbai - MPCB"
12-Apr-2018 - 00:00,86.64,109.33,55.01,1.13,183.46,,30.98,69.58,211.48,13-Apr-2018 - 00:00,"Airoli, Navi Mumbai - MPCB"
13-Apr-2018 - 00:00,89.38,14.7,43.55,1.25,138.79,,31.33,67.02,240.21,14-Apr-2018 - 00:00,"Airoli, Navi Mumbai - MPCB"
14-Apr-2018 - 00:00,63.26,10.67,35.02,1.27,170.82,,31.09,68.76,197.39,15-Apr-2018 - 00:00,"Airoli, Navi Mumbai - MPCB"
15-Apr-2018 - 00:00,62.62,24.83,44.0,1.28,236.03,,31.12,72.0,163.57,16-Apr-2018 - 00:00,"Airoli, Navi Mumbai - MPCB"
16-Apr-2018 - 00:00,83.27,25.87,31.33,1.31,137.27,,32.39,66.27,181.85,17-Apr-2018 - 00:00,"Airoli, Navi Mumbai - MPCB"
17-Apr-2018 - 00:00,91.61,30.09,23.45,1.36,102.65,,33.48,63.08,153.34,18-Apr-2018 - 00:00,"Airoli, Navi Mumbai - MPCB"
18-Apr-2018 - 00:00,83.51,31.82,20.32,1.41,180.46,,33.86,63.27,185.41,19-Apr-2018 - 00:00,"Airoli, Navi Mumbai - MPCB"
19-Apr-2018 - 00:00,109.28,29.22,18.94,1.46,134.87,,33.74,55.26,182.69,20-Apr-2018 - 00:00,"Airoli, Navi Mumbai - MPCB"
20-Apr-2018 - 00:00,76.69,27.31,17.93,1.5,184.96,,31.65,63.34,195.53,21-Apr-2018 - 00:00,"Airoli, Navi Mumbai - MPCB"
21-Apr-2018 - 00:00,69.79,26.26,17.37,1.53,139.73,,32.02,62.55,210.75,22-Apr-2018 - 00:00,"Airoli, Navi Mumbai - MPCB"
22-Apr-2018 - 00:00,79.57,24.99,16.7,1.55,96.92,,32.44,49.52,193.49,23-Apr-2018 - 00:00,"Airoli, Navi Mumbai - MPCB"
23-Apr-2018 - 00:00,93.87,24.64,16.52,1.63,192.93,,31.57,60.12,190.98,24-Apr-2018 - 00:00,"Airoli, Navi Mumbai - MPCB"
24-Apr-2018 - 00:00,88.86,23.83,16.09,1.7,166.73,,32.62,60.57,190.41,25-Apr-2018 - 00:00,"Airoli, Navi Mumbai - MPCB"
25-Apr-2018 - 00:00,82.17,23.39,15.86,1.75,75.23,,31.89,60.6,181.16,26-Apr-2018 - 00:00,"Airoli, Navi Mumbai - MPCB"
26-Apr-2018 - 00:00,64.67,22.97,15.64,1.76,168.73,,30.88,65.66,150.5,27-Apr-2018 - 00:00,"Airoli, Navi Mumbai - MPCB"
27-Apr-2018 - 00:00,52.66,22.59,15.43,1.83,131.12,,30.84,69.86,168.76,28-Apr-2018 - 00:00,"Airoli, Navi Mumbai - MPCB"
28-Apr-2018 - 00:00,36.55,22.42,15.35,1.87,143.68,,30.93,70.56,155.64,29-Apr-2018 - 00:00,"Airoli, Navi Mumbai - MPCB"
29-Apr-2018 - 00:00,52.53,21.75,14.99,1.86,205.7,,31.06,72.14,215.83,30-Apr-2018 - 00:00,"Airoli, Navi Mumbai - MPCB"
30-Apr-2018 - 00:00,68.49,49.37,32.16,1.9,167.55,,31.37,69.03,264.14,01-May-2018 - 00:00,"Airoli, Navi Mumbai - MPCB"
01-May-2018 - 00:00,57.17,70.79,45.17,1.94,243.51,,31.39,70.76,205.5,02-May-2018 - 00:00,"Airoli, Navi Mumbai - MPCB"
02-May-2018 - 00:00,52.16,66.09,43.18,2.02,238.92,,31.27,69.37,240.27,03-May-2018 - 00:00,"Airoli, Navi Mumbai - MPCB"
03-May-2018 - 00:00,52.84,40.37,27.2,2.08,176.08,,31.34,70.06,194.08,04-May-2018 - 00:00,"Airoli, Navi Mumbai - MPCB"
04-May-2018 - 00:00,48.97,22.46,16.15,2.13,225.31,,31.76,69.69,235.72,05-May-2018 - 00:00,"Airoli, Navi Mumbai - MPCB"
05-May-2018 - 00:00,48.94,20.72,15.65,2.18,114.77,,31.93,68.52,221.06,06-May-2018 - 00:00,"Airoli, Navi Mumbai - MPCB"
06-May-2018 - 00:00,55.01,19.21,15.21,2.23,135.87,,31.72,72.95,200.46,07-May-2018 - 00:00,"Airoli, Navi Mumbai - MPCB"
07-May-2018 - 00:00,43.21,17.19,14.64,2.28,159.52,,32.45,63.96,223.18,08-May-2018 - 00:00,"Airoli, Navi Mumbai - MPCB"
08-May-2018 - 00:00,99.7,39.87,17.75,1.77,174.95,,32.18,64.36,222.34,09-May-2018 - 00:00,"Airoli, Navi Mumbai - MPCB"
09-May-2018 - 00:00,106.91,57.21,20.08,1.39,116.11,,33.0,62.01,263.16,10-May-2018 - 00:00,"Airoli, Navi Mumbai - MPCB"
10-May-2018 - 00:00,83.23,55.12,19.63,1.42,187.19,,32.24,71.44,160.19,11-May-2018 - 00:00,"Airoli, Navi Mumbai - MPCB"
11-May-2018 - 00:00,50.37,76.68,24.19,1.46,236.07,,33.0,65.5,200.15,12-May-2018 - 00:00,"Airoli, Navi Mumbai - MPCB"
12-May-2018 - 00:00,62.01,31.99,24.45,1.47,128.66,,31.73,63.77,161.51,13-May-2018 - 00:00,"Airoli, Navi Mumbai - MPCB"
13-May-2018 - 00:00,65.35,15.42,25.16,1.52,126.54,,32.17,69.95,151.86,14-May-2018 - 00:00,"Airoli, Navi Mumbai - MPCB"
14-May-2018 - 00:00,121.19,14.06,24.01,1.57,128.94,,32.35,69.56,206.03,15-May-2018 - 00:00,"Airoli, Navi Mumbai - MPCB"
15-May-2018 - 00:00,89.87,27.94,17.83,1.71,186.14,,31.89,70.48,148.67,16-May-2018 - 00:00,"Airoli, Navi Mumbai - MPCB"
16-May-2018 - 00:00,84.98,49.8,17.13,1.86,124.77,,32.58,69.03,176.32,17-May-2018 - 00:00,"Airoli, Navi Mumbai - MPCB"
17-May-2018 - 00:00,86.99,51.2,17.42,1.9,136.03,,33.61,69.08,182.23,18-May-2018 - 00:00,"Airoli, Navi Mumbai - MPCB"
18-May-2018 - 00:00,80.21,46.44,21.03,2.0,126.29,,32.95,67.83,121.76,19-May-2018 - 00:00,"Airoli, Navi Mumbai - MPCB"
19-May-2018 - 00:00,76.64,44.01,22.66,2.08,204.77,,32.74,69.37,159.23,20-May-2018 - 00:00,"Airoli, Navi Mumbai - MPCB"
20-May-2018 - 00:00,76.13,43.67,22.54,1.99,254.66,,32.3,70.1,195.21,21-May-2018 - 00:00,"Airoli, Navi Mumbai - MPCB"
21-May-2018 - 00:00,73.35,41.73,21.87,2.04,130.86,,32.45,67.49,144.43,22-May-2018 - 00:00,"Airoli, Navi Mumbai - MPCB"
22-May-2018 - 00:00,72.63,41.23,21.69,2.1,292.34,,32.02,67.1,102.58,23-May-2018 - 00:00,"Airoli, Navi Mumbai - MPCB"
23-May-2018 - 00:00,70.99,40.09,21.3,2.15,237.79,,32.03,67.81,92.57,24-May-2018 - 00:00,"Airoli, Navi Mumbai - MPCB"
24-May-2018 - 00:00,68.16,38.12,20.61,2.21,112.01,,32.97,65.01,142.81,25-May-2018 - 00:00,"Airoli, Navi Mumbai - MPCB"
25-May-2018 - 00:00,68.34,38.24,20.65,2.28,68.19,,32.33,66.23,161.54,26-May-2018 - 00:00,"Airoli, Navi Mumbai - MPCB"
26-May-2018 - 00:00,69.87,39.31,21.02,2.39,95.87,,30.86,67.73,95.45,27-May-2018 - 00:00,"Airoli, Navi Mumbai - MPCB"
27-May-2018 - 00:00,65.06,36.1,19.91,2.47,159.67,,31.79,71.46,107.55,28-May-2018 - 00:00,"Airoli, Navi Mumbai - MPCB"
28-May-2018 - 00:00,64.18,35.36,19.65,2.52,124.46,,31.77,70.18,111.18,29-May-2018 - 00:00,"Airoli, Navi Mumbai - MPCB"
29-May-2018 - 00:00,88.45,35.05,19.54,2.56,145.53,,31.37,68.5,125.64,30-May-2018 - 00:00,"Airoli, Navi Mumbai - MPCB"
30-May-2018 - 00:00,105.96,38.18,27.9,2.63,145.39,,31.85,67.55,74.24,31-May-2018 - 00:00,"Airoli, Navi Mumbai - MPCB"
31-May-2018 - 00:00,104.42,40.55,34.34,2.75,210.48,,31.99,67.14,171.38,01-Jun-2018 - 00:00,"Airoli, Navi Mumbai - MPCB"
01-Jun-2018 - 00:00,97.8,38.0,32.75,2.24,105.51,,32.9,66.85,138.42,02-Jun-2018 - 00:00,"Airoli, Navi Mumbai - MPCB"
02-Jun-2018 - 00:00,99.56,38.64,33.15,1.21,144.28,,32.37,71.46,126.51,03-Jun-2018 - 00:00,"Airoli, Navi Mumbai - MPCB"
03-Jun-2018 - 00:00,102.5,39.82,33.88,1.24,112.6,,30.49,78.78,150.26,04-Jun-2018 - 00:00,"Airoli, Navi Mumbai - MPCB"
04-Jun-2018 - 00:00,99.47,38.6,33.13,1.22,160.15,,31.56,74.78,116.78,05-Jun-2018 - 00:00,"Airoli, Navi Mumbai - MPCB"
05-Jun-2018 - 00:00,96.45,37.42,32.39,1.38,145.8,,29.86,76.19,130.84,06-Jun-2018 - 00:00,"Airoli, Navi Mumbai - MPCB"
06-Jun-2018 - 00:00,53.8,19.24,21.04,1.07,285.51,,33.98,66.13,138.22,07-Jun-2018 - 00:00,"Airoli, Navi Mumbai - MPCB"
07-Jun-2018 - 00:00,53.19,18.4,20.52,1.17,241.15,,29.55,88.79,37.04,08-Jun-2018 - 00:00,"Airoli, Navi Mumbai - MPCB"
08-Jun-2018 - 00:00,74.81,27.19,26.0,1.14,218.27,,31.39,79.66,78.8,09-Jun-2018 - 00:00,"Airoli, Navi Mumbai - MPCB"
09-Jun-2018 - 00:00,42.33,19.16,20.99,0.94,208.47,,27.69,97.0,20.55,10-Jun-2018 - 00:00,"Airoli, Navi Mumbai - MPCB"
10-Jun-2018 - 00:00,29.9,17.9,20.2,0.51,222.57,,30.37,90.62,32.87,11-Jun-2018 - 00:00,"Airoli, Navi Mumbai - MPCB"
11-Jun-2018 - 00:00,58.66,17.4,19.89,0.59,225.16,,31.62,82.59,53.07,12-Jun-2018 - 00:00,"Airoli, Navi Mumbai - MPCB"
12-Jun-2018 - 00:00,73.0,18.94,21.52,0.69,231.42,,32.09,80.35,54.68,13-Jun-2018 - 00:00,"Airoli, Navi Mumbai - MPCB"
13-Jun-2018 - 00:00,103.77,23.2,26.41,0.8,236.09,,32.95,74.85,80.3,14-Jun-2018 - 00:00,"Airoli, Navi Mumbai - MPCB"
14-Jun-2018 - 00:00,103.69,23.31,26.46,0.86,225.03,,32.72,74.77,97.88,15-Jun-2018 - 00:00,"Airoli, Navi Mumbai - MPCB"
15-Jun-2018 - 00:00,105.72,23.72,26.48,0.92,227.79,,31.81,76.45,101.92,16-Jun-2018 - 00:00,"Airoli, Navi Mumbai - MPCB"
16-Jun-2018 - 00:00,86.65,23.39,26.32,0.97,225.07,,29.24,83.02,42.77,17-Jun-2018 - 00:00,"Airoli, Navi Mumbai - MPCB"
17-Jun-2018 - 00:00,54.7,23.69,26.55,0.99,210.99,,27.55,99.77,29.3,18-Jun-2018 - 00:00,"Airoli, Navi Mumbai - MPCB"
18-Jun-2018 - 00:00,50.63,23.35,26.54,0.87,235.23,,29.09,89.98,17.24,19-Jun-2018 - 00:00,"Airoli, Navi Mumbai - MPCB"
19-Jun-2018 - 00:00,48.01,23.42,26.4,0.58,214.38,,31.02,83.65,89.28,20-Jun-2018 - 00:00,"Airoli, Navi Mumbai - MPCB"
20-Jun-2018 - 00:00,45.73,23.64,28.19,0.61,136.52,,31.93,78.2,59.09,21-Jun-2018 - 00:00,"Airoli, Navi Mumbai - MPCB"
21-Jun-2018 - 00:00,,,,,,,,,,22-Jun-2018 - 00:00,"Airoli, Navi Mumbai - MPCB"
22-Jun-2018 - 00:00,,,,,,,,,,23-Jun-2018 - 00:00,"Airoli, Navi Mumbai - MPCB"
23-Jun-2018 - 00:00,,,,,,,,,,24-Jun-2018 - 00:00,"Airoli, Navi Mumbai - MPCB"
24-Jun-2018 - 00:00,,,,,,,,,,25-Jun-2018 - 00:00,"Airoli, Navi Mumbai - MPCB"
25-Jun-2018 - 00:00,,,,,,,,,,26-Jun-2018 - 00:00,"Airoli, Navi Mumbai - MPCB"
26-Jun-2018 - 00:00,,,,,,,,,,27-Jun-2018 - 00:00,"Airoli, Navi Mumbai - MPCB"
27-Jun-2018 - 00:00,,,,,,,,,,28-Jun-2018 - 00:00,"Airoli, Navi Mumbai - MPCB"
28-Jun-2018 - 00:00,,,,,,,,,,29-Jun-2018 - 00:00,"Airoli, Navi Mumbai - MPCB"
29-Jun-2018 - 00:00,,,,,,,,,,30-Jun-2018 - 00:00,"Airoli, Navi Mumbai - MPCB"
30-Jun-2018 - 00:00,,,,,,,,,,01-Jul-2018 - 00:00,"Airoli, Navi Mumbai - MPCB"
01-Jul-2018 - 00:00,,,,,,,,,,02-Jul-2018 - 00:00,"Airoli, Navi Mumbai - MPCB"
02-Jul-2018 - 00:00,,,,,,,,,,03-Jul-2018 - 00:00,"Airoli, Navi Mumbai - MPCB"
03-Jul-2018 - 00:00,,,,,,,,,,04-Jul-2018 - 00:00,"Airoli, Navi Mumbai - MPCB"
04-Jul-2018 - 00:00,,,,,,,,,,05-Jul-2018 - 00:00,"Airoli, Navi Mumbai - MPCB"
05-Jul-2018 - 00:00,,,,,,,,,,06-Jul-2018 - 00:00,"Airoli, Navi Mumbai - MPCB"
06-Jul-2018 - 00:00,71.57,15.44,43.95,1.53,132.27,,29.24,98.57,10.41,07-Jul-2018 - 00:00,"Airoli, Navi Mumbai - MPCB"
07-Jul-2018 - 00:00,127.34,33.79,45.6,1.71,117.63,,27.76,99.9,6.39,08-Jul-2018 - 00:00,"Airoli, Navi Mumbai - MPCB"
08-Jul-2018 - 00:00,191.34,28.87,36.61,1.81,120.16,,26.95,99.9,19.05,09-Jul-2018 - 00:00,"Airoli, Navi Mumbai - MPCB"
09-Jul-2018 - 00:00,,,,,,,,,,10-Jul-2018 - 00:00,"Airoli, Navi Mumbai - MPCB"
10-Jul-2018 - 00:00,,,,,,,,,,11-Jul-2018 - 00:00,"Airoli, Navi Mumbai - MPCB"
11-Jul-2018 - 00:00,,,,,,,,,,12-Jul-2018 - 00:00,"Airoli, Navi Mumbai - MPCB"
12-Jul-2018 - 00:00,,,,,,,,,,13-Jul-2018 - 00:00,"Airoli, Navi Mumbai - MPCB"
13-Jul-2018 - 00:00,10.26,3.74,56.67,0.18,,,28.14,99.39,,14-Jul-2018 - 00:00,"Airoli, Navi Mumbai - MPCB"
14-Jul-2018 - 00:00,34.98,12.19,29.76,1.18,241.63,,29.14,98.02,21.9,15-Jul-2018 - 00:00,"Airoli, Navi Mumbai - MPCB"
15-Jul-2018 - 00:00,28.35,10.09,26.29,1.44,235.77,,28.21,99.9,7.46,16-Jul-2018 - 00:00,"Airoli, Navi Mumbai - MPCB"
16-Jul-2018 - 00:00,26.39,13.93,28.74,1.44,221.6,,28.36,99.23,7.62,17-Jul-2018 - 00:00,"Airoli, Navi Mumbai - MPCB"
17-Jul-2018 - 00:00,28.52,20.56,25.8,1.44,232.73,,29.06,95.02,14.88,18-Jul-2018 - 00:00,"Airoli, Navi Mumbai - MPCB"
18-Jul-2018 - 00:00,32.27,21.51,27.19,1.46,233.04,,29.16,93.57,32.05,19-Jul-2018 - 00:00,"Airoli, Navi Mumbai - MPCB"
19-Jul-2018 - 00:00,44.5,24.07,26.93,1.48,225.4,,29.45,90.93,47.19,20-Jul-2018 - 00:00,"Airoli, Navi Mumbai - MPCB"
20-Jul-2018 - 00:00,31.53,20.75,26.63,1.51,233.04,,28.73,95.41,7.82,21-Jul-2018 - 00:00,"Airoli, Navi Mumbai - MPCB"
21-Jul-2018 - 00:00,37.8,22.39,23.8,1.57,235.61,,28.51,96.97,4.96,22-Jul-2018 - 00:00,"Airoli, Navi Mumbai - MPCB"
22-Jul-2018 - 00:00,35.83,18.35,26.39,1.59,224.71,,28.7,95.83,3.84,23-Jul-2018 - 00:00,"Airoli, Navi Mumbai - MPCB"
23-Jul-2018 - 00:00,57.25,23.96,40.96,1.61,230.33,,28.77,96.43,1.63,24-Jul-2018 - 00:00,"Airoli, Navi Mumbai - MPCB"
24-Jul-2018 - 00:00,36.76,22.66,44.98,1.64,233.17,,29.05,93.83,12.69,25-Jul-2018 - 00:00,"Airoli, Navi Mumbai - MPCB"
25-Jul-2018 - 00:00,37.76,22.91,42.76,1.67,232.68,,29.68,88.51,28.28,26-Jul-2018 - 00:00,"Airoli, Navi Mumbai - MPCB"
26-Jul-2018 - 00:00,35.72,18.71,43.59,1.66,236.45,,29.02,92.53,9.03,27-Jul-2018 - 00:00,"Airoli, Navi Mumbai - MPCB"
27-Jul-2018 - 00:00,71.63,19.43,41.79,1.68,234.74,,29.17,90.73,7.03,28-Jul-2018 - 00:00,"Airoli, Navi Mumbai - MPCB"
28-Jul-2018 - 00:00,51.0,23.72,30.43,1.72,235.64,,29.84,89.12,28.65,29-Jul-2018 - 00:00,"Airoli, Navi Mumbai - MPCB"
29-Jul-2018 - 00:00,51.84,26.77,25.67,1.75,234.41,,30.16,85.34,44.35,30-Jul-2018 - 00:00,"Airoli, Navi Mumbai - MPCB"
30-Jul-2018 - 00:00,58.5,28.49,26.76,1.76,229.34,,30.11,84.75,65.94,31-Jul-2018 - 00:00,"Airoli, Navi Mumbai - MPCB"
31-Jul-2018 - 00:00,47.7,25.46,26.55,1.74,233.93,,30.02,86.39,39.75,01-Aug-2018 - 00:00,"Airoli, Navi Mumbai - MPCB"
01-Aug-2018 - 00:00,44.6,24.58,26.24,1.45,230.45,,29.74,89.4,41.87,02-Aug-2018 - 00:00,"Airoli, Navi Mumbai - MPCB"
02-Aug-2018 - 00:00,27.15,20.24,26.38,1.0,233.64,,29.05,94.56,25.8,03-Aug-2018 - 00:00,"Airoli, Navi Mumbai - MPCB"
03-Aug-2018 - 00:00,,,,,,,,,,04-Aug-2018 - 00:00,"Airoli, Navi Mumbai - MPCB"
04-Aug-2018 - 00:00,,,,,,,,,,05-Aug-2018 - 00:00,"Airoli, Navi Mumbai - MPCB"
05-Aug-2018 - 00:00,,,,,,,,,,06-Aug-2018 - 00:00,"Airoli, Navi Mumbai - MPCB"
06-Aug-2018 - 00:00,8.52,11.31,30.55,1.13,20.0,,27.96,86.05,,07-Aug-2018 - 00:00,"Airoli, Navi Mumbai - MPCB"
07-Aug-2018 - 00:00,34.53,22.27,23.28,1.12,,,29.65,85.55,29.38,08-Aug-2018 - 00:00,"Airoli, Navi Mumbai - MPCB"
08-Aug-2018 - 00:00,37.84,23.08,23.96,1.08,,,29.6,88.24,12.23,09-Aug-2018 - 00:00,"Airoli, Navi Mumbai - MPCB"
09-Aug-2018 - 00:00,29.02,20.74,24.54,1.13,,,28.91,92.5,3.25,10-Aug-2018 - 00:00,"Airoli, Navi Mumbai - MPCB"
10-Aug-2018 - 00:00,26.92,16.37,27.76,1.15,,,29.0,94.25,35.91,11-Aug-2018 - 00:00,"Airoli, Navi Mumbai - MPCB"
11-Aug-2018 - 00:00,30.27,19.57,32.45,1.15,,,28.48,95.7,33.17,12-Aug-2018 - 00:00,"Airoli, Navi Mumbai - MPCB"
12-Aug-2018 - 00:00,20.93,18.66,28.92,1.13,,,28.22,94.66,38.06,13-Aug-2018 - 00:00,"Airoli, Navi Mumbai - MPCB"
13-Aug-2018 - 00:00,24.16,19.54,33.82,1.13,296.0,,28.12,96.29,22.18,14-Aug-2018 - 00:00,"Airoli, Navi Mumbai - MPCB"
14-Aug-2018 - 00:00,36.51,22.75,29.61,1.14,,,29.37,90.86,46.92,15-Aug-2018 - 00:00,"Airoli, Navi Mumbai - MPCB"
15-Aug-2018 - 00:00,32.1,21.58,31.09,1.14,,,28.56,94.68,25.93,16-Aug-2018 - 00:00,"Airoli, Navi Mumbai - MPCB"
16-Aug-2018 - 00:00,37.51,20.54,42.61,1.13,,,28.13,96.82,,17-Aug-2018 - 00:00,"Airoli, Navi Mumbai - MPCB"
17-Aug-2018 - 00:00,35.03,17.8,33.82,1.16,243.0,,28.38,95.13,5.0,18-Aug-2018 - 00:00,"Airoli, Navi Mumbai - MPCB"
18-Aug-2018 - 00:00,30.01,17.16,29.94,1.16,,,28.38,95.19,37.65,19-Aug-2018 - 00:00,"Airoli, Navi Mumbai - MPCB"
19-Aug-2018 - 00:00,27.9,20.52,37.34,1.3,,,28.67,94.15,122.98,20-Aug-2018 - 00:00,"Airoli, Navi Mumbai - MPCB"
20-Aug-2018 - 00:00,27.5,18.85,23.79,1.22,,,28.12,96.14,15.61,21-Aug-2018 - 00:00,"Airoli, Navi Mumbai - MPCB"
21-Aug-2018 - 00:00,37.31,21.53,28.54,1.14,,,27.56,98.42,9.38,22-Aug-2018 - 00:00,"Airoli, Navi Mumbai - MPCB"
22-Aug-2018 - 00:00,21.29,18.83,25.06,1.13,,,28.02,97.29,59.51,23-Aug-2018 - 00:00,"Airoli, Navi Mumbai - MPCB"
23-Aug-2018 - 00:00,30.78,21.2,23.08,1.14,225.0,,28.5,94.63,78.77,24-Aug-2018 - 00:00,"Airoli, Navi Mumbai - MPCB"
24-Aug-2018 - 00:00,32.55,21.7,22.41,1.14,219.0,,28.87,91.02,57.52,25-Aug-2018 - 00:00,"Airoli, Navi Mumbai - MPCB"
25-Aug-2018 - 00:00,25.77,19.96,20.13,1.13,220.0,,28.41,93.19,36.42,26-Aug-2018 - 00:00,"Airoli, Navi Mumbai - MPCB"
26-Aug-2018 - 00:00,23.2,19.33,19.98,1.13,,,27.75,95.81,75.12,27-Aug-2018 - 00:00,"Airoli, Navi Mumbai - MPCB"
27-Aug-2018 - 00:00,32.94,20.11,20.64,1.1,,,27.75,95.45,52.79,28-Aug-2018 - 00:00,"Airoli, Navi Mumbai - MPCB"
28-Aug-2018 - 00:00,,13.27,22.11,1.1,,,27.81,93.64,20.73,29-Aug-2018 - 00:00,"Airoli, Navi Mumbai - MPCB"
29-Aug-2018 - 00:00,55.84,19.35,21.52,1.01,,,29.17,89.87,51.83,30-Aug-2018 - 00:00,"Airoli, Navi Mumbai - MPCB"
30-Aug-2018 - 00:00,72.61,28.22,22.25,0.79,,,29.51,88.55,103.27,31-Aug-2018 - 00:00,"Airoli, Navi Mumbai - MPCB"
31-Aug-2018 - 00:00,76.56,29.22,23.73,0.78,,,28.95,90.24,81.6,01-Sep-2018 - 00:00,"Airoli, Navi Mumbai - MPCB"
01-Sep-2018 - 00:00,96.54,34.18,31.1,0.77,,,28.45,94.16,50.99,02-Sep-2018 - 00:00,"Airoli, Navi Mumbai - MPCB"
02-Sep-2018 - 00:00,58.64,24.78,17.12,0.75,229.5,,28.58,91.97,54.99,03-Sep-2018 - 00:00,"Airoli, Navi Mumbai - MPCB"
03-Sep-2018 - 00:00,49.97,23.76,15.6,0.7,210.18,,29.0,89.58,163.64,04-Sep-2018 - 00:00,"Airoli, Navi Mumbai - MPCB"
04-Sep-2018 - 00:00,48.09,23.69,15.5,0.72,256.52,,29.61,84.51,117.66,05-Sep-2018 - 00:00,"Airoli, Navi Mumbai - MPCB"
05-Sep-2018 - 00:00,62.86,23.73,15.56,0.7,,,29.65,81.67,114.53,06-Sep-2018 - 00:00,"Airoli, Navi Mumbai - MPCB"
06-Sep-2018 - 00:00,55.0,23.72,15.55,0.72,,,29.35,82.74,158.4,07-Sep-2018 - 00:00,"Airoli, Navi Mumbai - MPCB"
07-Sep-2018 - 00:00,97.86,23.74,15.58,0.72,229.0,,28.9,83.69,95.67,08-Sep-2018 - 00:00,"Airoli, Navi Mumbai - MPCB"
08-Sep-2018 - 00:00,57.34,23.08,19.37,0.73,,,29.11,80.46,181.98,09-Sep-2018 - 00:00,"Airoli, Navi Mumbai - MPCB"
09-Sep-2018 - 00:00,52.95,23.38,29.12,0.78,,,28.06,89.27,39.75,10-Sep-2018 - 00:00,"Airoli, Navi Mumbai - MPCB"
10-Sep-2018 - 00:00,91.06,33.4,43.82,0.81,,,28.96,83.8,152.46,11-Sep-2018 - 00:00,"Airoli, Navi Mumbai - MPCB"
11-Sep-2018 - 00:00,81.89,28.21,36.18,0.79,,,29.01,82.39,156.17,12-Sep-2018 - 00:00,"Airoli, Navi Mumbai - MPCB"
12-Sep-2018 - 00:00,86.57,19.86,23.92,0.8,,,29.03,81.56,205.08,13-Sep-2018 - 00:00,"Airoli, Navi Mumbai - MPCB"
13-Sep-2018 - 00:00,74.57,18.82,22.39,0.84,,,28.94,82.73,188.16,14-Sep-2018 - 00:00,"Airoli, Navi Mumbai - MPCB"
14-Sep-2018 - 00:00,64.36,15.18,17.63,0.91,,,27.5,93.9,21.62,15-Sep-2018 - 00:00,"Airoli, Navi Mumbai - MPCB"
15-Sep-2018 - 00:00,62.0,17.41,20.11,0.96,,,28.89,90.49,62.88,16-Sep-2018 - 00:00,"Airoli, Navi Mumbai - MPCB"
16-Sep-2018 - 00:00,46.92,16.92,19.59,0.78,,,30.48,82.89,113.31,17-Sep-2018 - 00:00,"Airoli, Navi Mumbai - MPCB"
17-Sep-2018 - 00:00,65.52,17.79,20.86,0.88,212.0,,28.84,87.42,134.96,18-Sep-2018 - 00:00,"Airoli, Navi Mumbai - MPCB"
18-Sep-2018 - 00:00,62.75,18.2,21.47,0.99,77.33,,29.28,83.37,91.67,19-Sep-2018 - 00:00,"Airoli, Navi Mumbai - MPCB"
19-Sep-2018 - 00:00,64.6,18.33,21.67,1.0,,,27.94,90.24,19.12,20-Sep-2018 - 00:00,"Airoli, Navi Mumbai - MPCB"
20-Sep-2018 - 00:00,74.94,19.13,22.85,1.04,75.08,,28.99,87.83,0.79,21-Sep-2018 - 00:00,"Airoli, Navi Mumbai - MPCB"
21-Sep-2018 - 00:00,61.09,16.35,19.38,1.05,79.9,,29.8,85.76,10.03,22-Sep-2018 - 00:00,"Airoli, Navi Mumbai - MPCB"
22-Sep-2018 - 00:00,40.27,16.42,18.85,1.08,210.0,,29.89,89.38,,23-Sep-2018 - 00:00,"Airoli, Navi Mumbai - MPCB"
23-Sep-2018 - 00:00,50.21,17.21,20.01,1.08,250.93,,30.35,83.75,220.3,24-Sep-2018 - 00:00,"Airoli, Navi Mumbai - MPCB"
24-Sep-2018 - 00:00,55.45,14.25,15.68,1.09,211.0,,30.03,86.06,,25-Sep-2018 - 00:00,"Airoli, Navi Mumbai - MPCB"
25-Sep-2018 - 00:00,77.39,18.19,21.46,1.12,,,30.11,81.28,,26-Sep-2018 - 00:00,"Airoli, Navi Mumbai - MPCB"
26-Sep-2018 - 00:00,75.28,19.17,22.9,1.15,81.5,,30.63,78.7,,27-Sep-2018 - 00:00,"Airoli, Navi Mumbai - MPCB"
27-Sep-2018 - 00:00,87.24,19.63,23.66,1.2,136.68,,30.83,82.96,134.04,28-Sep-2018 - 00:00,"Airoli, Navi Mumbai - MPCB"
28-Sep-2018 - 00:00,78.56,18.48,21.98,1.21,161.37,,31.18,81.35,137.84,29-Sep-2018 - 00:00,"Airoli, Navi Mumbai - MPCB"
29-Sep-2018 - 00:00,71.86,18.89,22.49,1.3,83.12,,31.06,79.09,644.62,30-Sep-2018 - 00:00,"Airoli, Navi Mumbai - MPCB"
30-Sep-2018 - 00:00,67.32,15.41,17.4,1.35,91.0,,33.09,66.34,48.84,01-Oct-2018 - 00:00,"Airoli, Navi Mumbai - MPCB"
01-Oct-2018 - 00:00,91.48,16.18,18.56,1.4,98.71,,32.64,64.82,,02-Oct-2018 - 00:00,"Airoli, Navi Mumbai - MPCB"
02-Oct-2018 - 00:00,,13.27,14.2,1.41,122.16,,32.43,66.13,,03-Oct-2018 - 00:00,"Airoli, Navi Mumbai - MPCB"
03-Oct-2018 - 00:00,111.7,14.85,16.48,1.42,113.57,,31.52,71.04,,04-Oct-2018 - 00:00,"Airoli, Navi Mumbai - MPCB"
04-Oct-2018 - 00:00,75.73,19.19,22.93,1.44,106.98,,31.57,68.13,,05-Oct-2018 - 00:00,"Airoli, Navi Mumbai - MPCB"
05-Oct-2018 - 00:00,70.12,18.76,22.3,1.47,109.11,,32.03,64.54,,06-Oct-2018 - 00:00,"Airoli, Navi Mumbai - MPCB"
06-Oct-2018 - 00:00,84.57,19.89,23.96,1.51,109.8,,32.71,62.58,,07-Oct-2018 - 00:00,"Airoli, Navi Mumbai - MPCB"
07-Oct-2018 - 00:00,85.7,19.98,24.1,1.58,111.29,,32.77,64.59,,08-Oct-2018 - 00:00,"Airoli, Navi Mumbai - MPCB"
08-Oct-2018 - 00:00,102.09,19.73,23.8,1.62,218.76,,32.63,72.8,,09-Oct-2018 - 00:00,"Airoli, Navi Mumbai - MPCB"
09-Oct-2018 - 00:00,133.49,17.81,14.2,1.74,228.11,,32.35,77.11,,10-Oct-2018 - 00:00,"Airoli, Navi Mumbai - MPCB"
10-Oct-2018 - 00:00,170.62,23.22,16.29,1.29,210.82,,31.55,79.96,,11-Oct-2018 - 00:00,"Airoli, Navi Mumbai - MPCB"
11-Oct-2018 - 00:00,188.88,23.48,17.9,0.88,224.25,,32.0,78.88,,12-Oct-2018 - 00:00,"Airoli, Navi Mumbai - MPCB"
12-Oct-2018 - 00:00,174.75,23.95,17.99,0.88,142.5,,32.81,76.39,,13-Oct-2018 - 00:00,"Airoli, Navi Mumbai - MPCB"
13-Oct-2018 - 00:00,322.48,23.93,17.99,1.13,146.15,,32.77,69.98,,14-Oct-2018 - 00:00,"Airoli, Navi Mumbai - MPCB"
14-Oct-2018 - 00:00,235.52,23.32,17.87,1.05,103.18,,31.72,62.09,,15-Oct-2018 - 00:00,"Airoli, Navi Mumbai - MPCB"
15-Oct-2018 - 00:00,169.47,26.98,21.02,1.1,123.3,,31.69,59.83,70.9,16-Oct-2018 - 00:00,"Airoli, Navi Mumbai - MPCB"
16-Oct-2018 - 00:00,28.0,30.59,23.92,1.16,183.37,,32.18,60.67,81.68,17-Oct-2018 - 00:00,"Airoli, Navi Mumbai - MPCB"
17-Oct-2018 - 00:00,35.77,30.38,23.88,1.22,228.7,,31.81,70.81,91.82,18-Oct-2018 - 00:00,"Airoli, Navi Mumbai - MPCB"
18-Oct-2018 - 00:00,,,,,,,,,,19-Oct-2018 - 00:00,"Airoli, Navi Mumbai - MPCB"
19-Oct-2018 - 00:00,67.8,30.87,23.98,1.27,112.67,,32.67,62.9,83.91,20-Oct-2018 - 00:00,"Airoli, Navi Mumbai - MPCB"
20-Oct-2018 - 00:00,64.6,30.34,23.87,1.3,262.09,,31.76,71.19,92.2,21-Oct-2018 - 00:00,"Airoli, Navi Mumbai - MPCB"
21-Oct-2018 - 00:00,73.99,30.29,23.86,1.39,240.0,,31.67,78.02,99.03,22-Oct-2018 - 00:00,"Airoli, Navi Mumbai - MPCB"
22-Oct-2018 - 00:00,66.19,30.69,23.94,1.43,233.0,,32.35,72.35,93.36,23-Oct-2018 - 00:00,"Airoli, Navi Mumbai - MPCB"
23-Oct-2018 - 00:00,68.9,30.31,23.86,1.46,169.0,,31.69,57.05,78.06,24-Oct-2018 - 00:00,"Airoli, Navi Mumbai - MPCB"
24-Oct-2018 - 00:00,73.49,30.48,24.91,1.52,115.48,,30.99,50.23,67.54,25-Oct-2018 - 00:00,"Airoli, Navi Mumbai - MPCB"
25-Oct-2018 - 00:00,65.35,32.35,27.88,1.59,152.0,,31.67,54.89,52.68,26-Oct-2018 - 00:00,"Airoli, Navi Mumbai - MPCB"
26-Oct-2018 - 00:00,77.93,32.53,27.92,1.56,161.0,,31.98,53.46,52.99,27-Oct-2018 - 00:00,"Airoli, Navi Mumbai - MPCB"
27-Oct-2018 - 00:00,66.64,32.57,27.93,1.61,,,32.05,51.82,53.06,28-Oct-2018 - 00:00,"Airoli, Navi Mumbai - MPCB"
28-Oct-2018 - 00:00,64.34,32.65,27.94,1.71,82.61,,32.19,43.48,53.2,29-Oct-2018 - 00:00,"Airoli, Navi Mumbai - MPCB"
29-Oct-2018 - 00:00,67.91,32.46,27.9,1.75,107.38,,31.87,33.68,52.88,30-Oct-2018 - 00:00,"Airoli, Navi Mumbai - MPCB"
30-Oct-2018 - 00:00,63.78,32.05,27.82,1.76,85.2,,31.15,36.61,52.16,31-Oct-2018 - 00:00,"Airoli, Navi Mumbai - MPCB"
31-Oct-2018 - 00:00,88.37,31.8,27.77,1.73,97.66,,30.74,44.98,51.75,01-Nov-2018 - 00:00,"Airoli, Navi Mumbai - MPCB"
01-Nov-2018 - 00:00,90.2,32.09,27.83,1.8,123.32,,31.23,54.17,52.24,02-Nov-2018 - 00:00,"Airoli, Navi Mumbai - MPCB"
02-Nov-2018 - 00:00,86.67,33.1,28.54,1.9,130.21,,30.97,60.08,51.98,03-Nov-2018 - 00:00,"Airoli, Navi Mumbai - MPCB"
03-Nov-2018 - 00:00,81.02,37.15,30.07,2.12,221.39,,34.8,53.24,55.81,04-Nov-2018 - 00:00,"Airoli, Navi Mumbai - MPCB"
04-Nov-2018 - 00:00,66.07,36.31,30.26,2.21,202.4,,32.89,63.17,54.16,05-Nov-2018 - 00:00,"Airoli, Navi Mumbai - MPCB"
05-Nov-2018 - 00:00,81.7,38.37,34.09,2.39,153.91,,33.0,61.6,55.01,06-Nov-2018 - 00:00,"Airoli, Navi Mumbai - MPCB"
06-Nov-2018 - 00:00,88.36,38.29,34.25,2.45,128.72,,32.88,61.32,54.89,07-Nov-2018 - 00:00,"Airoli, Navi Mumbai - MPCB"
07-Nov-2018 - 00:00,90.73,38.08,34.18,2.36,100.93,,32.5,41.23,54.51,08-Nov-2018 - 00:00,"Airoli, Navi Mumbai - MPCB"
08-Nov-2018 - 00:00,90.82,37.35,33.86,2.04,132.83,,31.02,52.36,53.03,09-Nov-2018 - 00:00,"Airoli, Navi Mumbai - MPCB"
09-Nov-2018 - 00:00,92.86,37.54,33.83,2.1,141.48,,31.18,59.91,53.19,10-Nov-2018 - 00:00,"Airoli, Navi Mumbai - MPCB"
10-Nov-2018 - 00:00,102.83,36.64,32.31,2.21,108.8,,31.09,53.06,54.63,11-Nov-2018 - 00:00,"Airoli, Navi Mumbai - MPCB"
11-Nov-2018 - 00:00,121.4,35.67,30.82,2.25,111.91,,30.81,51.67,55.82,12-Nov-2018 - 00:00,"Airoli, Navi Mumbai - MPCB"
12-Nov-2018 - 00:00,130.03,34.82,30.3,2.24,103.37,,29.54,52.1,44.61,13-Nov-2018 - 00:00,"Airoli, Navi Mumbai - MPCB"
13-Nov-2018 - 00:00,84.35,33.44,29.48,2.31,228.63,,26.83,60.41,29.53,14-Nov-2018 - 00:00,"Airoli, Navi Mumbai - MPCB"
14-Nov-2018 - 00:00,83.91,33.47,29.49,2.4,121.45,,26.9,67.8,29.54,15-Nov-2018 - 00:00,"Airoli, Navi Mumbai - MPCB"
15-Nov-2018 - 00:00,79.65,35.04,30.31,2.48,107.0,,28.74,59.32,29.75,16-Nov-2018 - 00:00,"Airoli, Navi Mumbai - MPCB"
16-Nov-2018 - 00:00,85.51,36.68,31.83,2.55,108.71,,29.34,43.48,29.79,17-Nov-2018 - 00:00,"Airoli, Navi Mumbai - MPCB"
17-Nov-2018 - 00:00,86.22,36.62,31.81,2.68,133.15,,29.22,45.84,29.77,18-Nov-2018 - 00:00,"Airoli, Navi Mumbai - MPCB"
18-Nov-2018 - 00:00,87.14,36.21,31.7,2.73,143.02,,28.53,55.37,29.69,19-Nov-2018 - 00:00,"Airoli, Navi Mumbai - MPCB"
19-Nov-2018 - 00:00,101.31,36.26,31.71,2.76,211.69,,28.62,67.52,29.7,20-Nov-2018 - 00:00,"Airoli, Navi Mumbai - MPCB"
20-Nov-2018 - 00:00,159.07,36.71,31.83,2.82,204.15,,29.37,69.78,29.79,21-Nov-2018 - 00:00,"Airoli, Navi Mumbai - MPCB"
21-Nov-2018 - 00:00,153.79,37.06,31.93,2.91,121.67,,29.97,61.6,29.87,22-Nov-2018 - 00:00,"Airoli, Navi Mumbai - MPCB"
22-Nov-2018 - 00:00,132.28,37.35,32.01,3.0,139.54,,30.45,58.42,29.92,23-Nov-2018 - 00:00,"Airoli, Navi Mumbai - MPCB"
23-Nov-2018 - 00:00,121.75,36.97,31.91,3.05,102.73,,29.82,54.42,29.85,24-Nov-2018 - 00:00,"Airoli, Navi Mumbai - MPCB"
24-Nov-2018 - 00:00,129.86,36.58,31.8,3.14,104.21,,29.15,49.27,29.76,25-Nov-2018 - 00:00,"Airoli, Navi Mumbai - MPCB"
25-Nov-2018 - 00:00,133.3,36.01,31.64,3.3,159.17,,28.21,55.76,29.65,26-Nov-2018 - 00:00,"Airoli, Navi Mumbai - MPCB"
26-Nov-2018 - 00:00,163.5,36.57,32.66,2.85,118.55,,28.46,53.19,29.68,27-Nov-2018 - 00:00,"Airoli, Navi Mumbai - MPCB"
27-Nov-2018 - 00:00,153.01,37.39,34.34,2.49,100.4,,28.61,46.85,29.7,28-Nov-2018 - 00:00,"Airoli, Navi Mumbai - MPCB"
28-Nov-2018 - 00:00,161.33,37.94,35.57,2.47,108.25,,28.49,48.11,29.68,29-Nov-2018 - 00:00,"Airoli, Navi Mumbai - MPCB"
29-Nov-2018 - 00:00,168.65,37.37,35.41,2.5,121.05,,27.53,51.94,29.57,30-Nov-2018 - 00:00,"Airoli, Navi Mumbai - MPCB"
30-Nov-2018 - 00:00,136.02,37.6,35.48,2.5,99.16,,27.92,46.65,29.61,01-Dec-2018 - 00:00,"Airoli, Navi Mumbai - MPCB"
01-Dec-2018 - 00:00,136.84,37.31,35.4,2.53,123.21,,27.44,46.22,29.55,02-Dec-2018 - 00:00,"Airoli, Navi Mumbai - MPCB"
02-Dec-2018 - 00:00,147.9,37.07,35.33,2.54,164.53,,27.02,51.12,29.5,03-Dec-2018 - 00:00,"Airoli, Navi Mumbai - MPCB"
03-Dec-2018 - 00:00,177.5,37.02,35.32,2.57,135.95,,26.95,56.81,29.49,04-Dec-2018 - 00:00,"Airoli, Navi Mumbai - MPCB"
04-Dec-2018 - 00:00,149.43,38.62,36.82,3.35,143.73,,28.16,52.36,29.64,05-Dec-2018 - 00:00,"Airoli, Navi Mumbai - MPCB"
05-Dec-2018 - 00:00,147.88,39.83,38.54,2.9,156.94,,28.29,57.09,29.66,06-Dec-2018 - 00:00,"Airoli, Navi Mumbai - MPCB"
06-Dec-2018 - 00:00,148.79,39.11,38.91,2.69,128.11,,27.71,54.19,29.59,07-Dec-2018 - 00:00,"Airoli, Navi Mumbai - MPCB"
07-Dec-2018 - 00:00,154.93,38.68,38.83,1.82,143.69,,27.71,52.57,29.59,08-Dec-2018 - 00:00,"Airoli, Navi Mumbai - MPCB"
08-Dec-2018 - 00:00,139.52,38.52,37.4,2.51,99.75,,27.45,53.2,29.56,09-Dec-2018 - 00:00,"Airoli, Navi Mumbai - MPCB"
09-Dec-2018 - 00:00,142.28,37.62,37.16,3.34,117.63,,25.95,52.0,29.37,10-Dec-2018 - 00:00,"Airoli, Navi Mumbai - MPCB"
10-Dec-2018 - 00:00,136.25,37.07,37.02,2.03,94.7,,25.03,54.93,29.26,11-Dec-2018 - 00:00,"Airoli, Navi Mumbai - MPCB"
11-Dec-2018 - 00:00,140.84,36.68,38.02,2.0,94.24,,24.82,50.23,29.23,12-Dec-2018 - 00:00,"Airoli, Navi Mumbai - MPCB"
12-Dec-2018 - 00:00,143.89,36.03,41.01,2.09,103.16,,24.97,59.84,29.25,13-Dec-2018 - 00:00,"Airoli, Navi Mumbai - MPCB"
13-Dec-2018 - 00:00,111.33,36.79,41.21,2.31,100.05,,26.24,47.33,29.41,14-Dec-2018 - 00:00,"Airoli, Navi Mumbai - MPCB"
14-Dec-2018 - 00:00,107.27,37.12,41.3,2.5,126.52,,26.78,39.43,29.47,15-Dec-2018 - 00:00,"Airoli, Navi Mumbai - MPCB"
15-Dec-2018 - 00:00,111.5,37.58,41.42,1.91,136.48,,27.54,39.68,29.57,16-Dec-2018 - 00:00,"Airoli, Navi Mumbai - MPCB"
16-Dec-2018 - 00:00,111.97,37.16,41.31,2.02,142.42,,26.85,43.54,29.48,17-Dec-2018 - 00:00,"Airoli, Navi Mumbai - MPCB"
17-Dec-2018 - 00:00,112.01,36.24,41.06,2.11,119.74,,25.31,39.64,29.29,18-Dec-2018 - 00:00,"Airoli, Navi Mumbai - MPCB"
18-Dec-2018 - 00:00,105.51,36.67,41.17,2.34,128.79,,26.03,43.4,29.38,19-Dec-2018 - 00:00,"Airoli, Navi Mumbai - MPCB"
19-Dec-2018 - 00:00,120.23,36.77,42.04,2.59,149.82,,24.57,50.76,29.17,20-Dec-2018 - 00:00,"Airoli, Navi Mumbai - MPCB"
20-Dec-2018 - 00:00,127.04,45.33,46.42,3.07,230.34,,28.7,43.7,30.33,21-Dec-2018 - 00:00,"Airoli, Navi Mumbai - MPCB"
21-Dec-2018 - 00:00,117.3,40.14,45.03,2.88,123.66,,26.15,53.71,29.27,22-Dec-2018 - 00:00,"Airoli, Navi Mumbai - MPCB"
22-Dec-2018 - 00:00,135.79,40.52,45.14,2.83,212.0,,26.79,55.57,29.35,23-Dec-2018 - 00:00,"Airoli, Navi Mumbai - MPCB"
23-Dec-2018 - 00:00,132.69,41.18,45.31,2.83,102.0,,27.88,49.73,29.49,24-Dec-2018 - 00:00,"Airoli, Navi Mumbai - MPCB"
24-Dec-2018 - 00:00,159.33,41.29,45.34,2.75,221.33,,28.07,55.7,29.51,25-Dec-2018 - 00:00,"Airoli, Navi Mumbai - MPCB"
25-Dec-2018 - 00:00,204.3,39.74,44.93,2.81,,,25.49,65.81,29.19,26-Dec-2018 - 00:00,"Airoli, Navi Mumbai - MPCB"
26-Dec-2018 - 00:00,115.31,40.89,45.23,3.97,247.29,,27.4,33.22,29.43,27-Dec-2018 - 00:00,"Airoli, Navi Mumbai - MPCB"
27-Dec-2018 - 00:00,108.91,39.32,44.82,3.01,136.4,,24.79,31.28,29.11,28-Dec-2018 - 00:00,"Airoli, Navi Mumbai - MPCB"
28-Dec-2018 - 00:00,116.23,38.02,43.66,1.77,142.54,,25.6,30.48,29.22,29-Dec-2018 - 00:00,"Airoli, Navi Mumbai - MPCB"
29-Dec-2018 - 00:00,167.86,35.69,42.01,1.54,107.43,,25.2,32.53,29.18,30-Dec-2018 - 00:00,"Airoli, Navi Mumbai - MPCB"
30-Dec-2018 - 00:00,124.15,35.73,42.02,1.52,228.62,,25.27,32.47,29.19,31-Dec-2018 - 00:00,"Airoli, Navi Mumbai - MPCB"
31-Dec-2018 - 00:00,104.32,34.97,41.82,1.43,,,24.0,40.3,29.04,01-Jan-2019 - 00:00,"Airoli, Navi Mumbai - MPCB"
