from date,to date,station
01-Jan-2018 - 00:00,02-Jan-2018 - 00:00,"Urban, Chamarajanagar - KSPCB"
02-Jan-2018 - 00:00,03-Jan-2018 - 00:00,"Urban, Chamarajanagar - KSPCB"
03-Jan-2018 - 00:00,04-Jan-2018 - 00:00,"Urban, Chamarajanagar - KSPCB"
04-Jan-2018 - 00:00,05-Jan-2018 - 00:00,"Urban, Chamarajanagar - KSPCB"
05-Jan-2018 - 00:00,06-Jan-2018 - 00:00,"Urban, Chamarajanagar - KSPCB"
06-Jan-2018 - 00:00,07-Jan-2018 - 00:00,"Urban, Chamarajanagar - KSPCB"
07-Jan-2018 - 00:00,08-Jan-2018 - 00:00,"Urban, Chamarajanagar - KSPCB"
08-Jan-2018 - 00:00,09-Jan-2018 - 00:00,"Urban, Chamarajanagar - KSPCB"
09-Jan-2018 - 00:00,10-Jan-2018 - 00:00,"Urban, Chamarajanagar - KSPCB"
10-Jan-2018 - 00:00,11-Jan-2018 - 00:00,"Urban, Chamarajanagar - KSPCB"
11-Jan-2018 - 00:00,12-Jan-2018 - 00:00,"Urban, Chamarajanagar - KSPCB"
12-Jan-2018 - 00:00,13-Jan-2018 - 00:00,"Urban, Chamarajanagar - KSPCB"
13-Jan-2018 - 00:00,14-Jan-2018 - 00:00,"Urban, Chamarajanagar - KSPCB"
14-Jan-2018 - 00:00,15-Jan-2018 - 00:00,"Urban, Chamarajanagar - KSPCB"
15-Jan-2018 - 00:00,16-Jan-2018 - 00:00,"Urban, Chamarajanagar - KSPCB"
16-Jan-2018 - 00:00,17-Jan-2018 - 00:00,"Urban, Chamarajanagar - KSPCB"
17-Jan-2018 - 00:00,18-Jan-2018 - 00:00,"Urban, Chamarajanagar - KSPCB"
18-Jan-2018 - 00:00,19-Jan-2018 - 00:00,"Urban, Chamarajanagar - KSPCB"
19-Jan-2018 - 00:00,20-Jan-2018 - 00:00,"Urban, Chamarajanagar - KSPCB"
20-Jan-2018 - 00:00,21-Jan-2018 - 00:00,"Urban, Chamarajanagar - KSPCB"
21-Jan-2018 - 00:00,22-Jan-2018 - 00:00,"Urban, Chamarajanagar - KSPCB"
22-Jan-2018 - 00:00,23-Jan-2018 - 00:00,"Urban, Chamarajanagar - KSPCB"
23-Jan-2018 - 00:00,24-Jan-2018 - 00:00,"Urban, Chamarajanagar - KSPCB"
24-Jan-2018 - 00:00,25-Jan-2018 - 00:00,"Urban, Chamarajanagar - KSPCB"
25-Jan-2018 - 00:00,26-Jan-2018 - 00:00,"Urban, Chamarajanagar - KSPCB"
26-Jan-2018 - 00:00,27-Jan-2018 - 00:00,"Urban, Chamarajanagar - KSPCB"
27-Jan-2018 - 00:00,28-Jan-2018 - 00:00,"Urban, Chamarajanagar - KSPCB"
28-Jan-2018 - 00:00,29-Jan-2018 - 00:00,"Urban, Chamarajanagar - KSPCB"
29-Jan-2018 - 00:00,30-Jan-2018 - 00:00,"Urban, Chamarajanagar - KSPCB"
30-Jan-2018 - 00:00,31-Jan-2018 - 00:00,"Urban, Chamarajanagar - KSPCB"
31-Jan-2018 - 00:00,01-Feb-2018 - 00:00,"Urban, Chamarajanagar - KSPCB"
01-Feb-2018 - 00:00,02-Feb-2018 - 00:00,"Urban, Chamarajanagar - KSPCB"
02-Feb-2018 - 00:00,03-Feb-2018 - 00:00,"Urban, Chamarajanagar - KSPCB"
03-Feb-2018 - 00:00,04-Feb-2018 - 00:00,"Urban, Chamarajanagar - KSPCB"
04-Feb-2018 - 00:00,05-Feb-2018 - 00:00,"Urban, Chamarajanagar - KSPCB"
05-Feb-2018 - 00:00,06-Feb-2018 - 00:00,"Urban, Chamarajanagar - KSPCB"
06-Feb-2018 - 00:00,07-Feb-2018 - 00:00,"Urban, Chamarajanagar - KSPCB"
07-Feb-2018 - 00:00,08-Feb-2018 - 00:00,"Urban, Chamarajanagar - KSPCB"
08-Feb-2018 - 00:00,09-Feb-2018 - 00:00,"Urban, Chamarajanagar - KSPCB"
09-Feb-2018 - 00:00,10-Feb-2018 - 00:00,"Urban, Chamarajanagar - KSPCB"
10-Feb-2018 - 00:00,11-Feb-2018 - 00:00,"Urban, Chamarajanagar - KSPCB"
11-Feb-2018 - 00:00,12-Feb-2018 - 00:00,"Urban, Chamarajanagar - KSPCB"
12-Feb-2018 - 00:00,13-Feb-2018 - 00:00,"Urban, Chamarajanagar - KSPCB"
13-Feb-2018 - 00:00,14-Feb-2018 - 00:00,"Urban, Chamarajanagar - KSPCB"
14-Feb-2018 - 00:00,15-Feb-2018 - 00:00,"Urban, Chamarajanagar - KSPCB"
15-Feb-2018 - 00:00,16-Feb-2018 - 00:00,"Urban, Chamarajanagar - KSPCB"
16-Feb-2018 - 00:00,17-Feb-2018 - 00:00,"Urban, Chamarajanagar - KSPCB"
17-Feb-2018 - 00:00,18-Feb-2018 - 00:00,"Urban, Chamarajanagar - KSPCB"
18-Feb-2018 - 00:00,19-Feb-2018 - 00:00,"Urban, Chamarajanagar - KSPCB"
19-Feb-2018 - 00:00,20-Feb-2018 - 00:00,"Urban, Chamarajanagar - KSPCB"
20-Feb-2018 - 00:00,21-Feb-2018 - 00:00,"Urban, Chamarajanagar - KSPCB"
21-Feb-2018 - 00:00,22-Feb-2018 - 00:00,"Urban, Chamarajanagar - KSPCB"
22-Feb-2018 - 00:00,23-Feb-2018 - 00:00,"Urban, Chamarajanagar - KSPCB"
23-Feb-2018 - 00:00,24-Feb-2018 - 00:00,"Urban, Chamarajanagar - KSPCB"
24-Feb-2018 - 00:00,25-Feb-2018 - 00:00,"Urban, Chamarajanagar - KSPCB"
25-Feb-2018 - 00:00,26-Feb-2018 - 00:00,"Urban, Chamarajanagar - KSPCB"
26-Feb-2018 - 00:00,27-Feb-2018 - 00:00,"Urban, Chamarajanagar - KSPCB"
27-Feb-2018 - 00:00,28-Feb-2018 - 00:00,"Urban, Chamarajanagar - KSPCB"
28-Feb-2018 - 00:00,01-Mar-2018 - 00:00,"Urban, Chamarajanagar - KSPCB"
01-Mar-2018 - 00:00,02-Mar-2018 - 00:00,"Urban, Chamarajanagar - KSPCB"
02-Mar-2018 - 00:00,03-Mar-2018 - 00:00,"Urban, Chamarajanagar - KSPCB"
03-Mar-2018 - 00:00,04-Mar-2018 - 00:00,"Urban, Chamarajanagar - KSPCB"
04-Mar-2018 - 00:00,05-Mar-2018 - 00:00,"Urban, Chamarajanagar - KSPCB"
05-Mar-2018 - 00:00,06-Mar-2018 - 00:00,"Urban, Chamarajanagar - KSPCB"
06-Mar-2018 - 00:00,07-Mar-2018 - 00:00,"Urban, Chamarajanagar - KSPCB"
07-Mar-2018 - 00:00,08-Mar-2018 - 00:00,"Urban, Chamarajanagar - KSPCB"
08-Mar-2018 - 00:00,09-Mar-2018 - 00:00,"Urban, Chamarajanagar - KSPCB"
09-Mar-2018 - 00:00,10-Mar-2018 - 00:00,"Urban, Chamarajanagar - KSPCB"
10-Mar-2018 - 00:00,11-Mar-2018 - 00:00,"Urban, Chamarajanagar - KSPCB"
11-Mar-2018 - 00:00,12-Mar-2018 - 00:00,"Urban, Chamarajanagar - KSPCB"
12-Mar-2018 - 00:00,13-Mar-2018 - 00:00,"Urban, Chamarajanagar - KSPCB"
13-Mar-2018 - 00:00,14-Mar-2018 - 00:00,"Urban, Chamarajanagar - KSPCB"
14-Mar-2018 - 00:00,15-Mar-2018 - 00:00,"Urban, Chamarajanagar - KSPCB"
15-Mar-2018 - 00:00,16-Mar-2018 - 00:00,"Urban, Chamarajanagar - KSPCB"
16-Mar-2018 - 00:00,17-Mar-2018 - 00:00,"Urban, Chamarajanagar - KSPCB"
17-Mar-2018 - 00:00,18-Mar-2018 - 00:00,"Urban, Chamarajanagar - KSPCB"
18-Mar-2018 - 00:00,19-Mar-2018 - 00:00,"Urban, Chamarajanagar - KSPCB"
19-Mar-2018 - 00:00,20-Mar-2018 - 00:00,"Urban, Chamarajanagar - KSPCB"
20-Mar-2018 - 00:00,21-Mar-2018 - 00:00,"Urban, Chamarajanagar - KSPCB"
21-Mar-2018 - 00:00,22-Mar-2018 - 00:00,"Urban, Chamarajanagar - KSPCB"
22-Mar-2018 - 00:00,23-Mar-2018 - 00:00,"Urban, Chamarajanagar - KSPCB"
23-Mar-2018 - 00:00,24-Mar-2018 - 00:00,"Urban, Chamarajanagar - KSPCB"
24-Mar-2018 - 00:00,25-Mar-2018 - 00:00,"Urban, Chamarajanagar - KSPCB"
25-Mar-2018 - 00:00,26-Mar-2018 - 00:00,"Urban, Chamarajanagar - KSPCB"
26-Mar-2018 - 00:00,27-Mar-2018 - 00:00,"Urban, Chamarajanagar - KSPCB"
27-Mar-2018 - 00:00,28-Mar-2018 - 00:00,"Urban, Chamarajanagar - KSPCB"
28-Mar-2018 - 00:00,29-Mar-2018 - 00:00,"Urban, Chamarajanagar - KSPCB"
29-Mar-2018 - 00:00,30-Mar-2018 - 00:00,"Urban, Chamarajanagar - KSPCB"
30-Mar-2018 - 00:00,31-Mar-2018 - 00:00,"Urban, Chamarajanagar - KSPCB"
31-Mar-2018 - 00:00,01-Apr-2018 - 00:00,"Urban, Chamarajanagar - KSPCB"
01-Apr-2018 - 00:00,02-Apr-2018 - 00:00,"Urban, Chamarajanagar - KSPCB"
02-Apr-2018 - 00:00,03-Apr-2018 - 00:00,"Urban, Chamarajanagar - KSPCB"
03-Apr-2018 - 00:00,04-Apr-2018 - 00:00,"Urban, Chamarajanagar - KSPCB"
04-Apr-2018 - 00:00,05-Apr-2018 - 00:00,"Urban, Chamarajanagar - KSPCB"
05-Apr-2018 - 00:00,06-Apr-2018 - 00:00,"Urban, Chamarajanagar - KSPCB"
06-Apr-2018 - 00:00,07-Apr-2018 - 00:00,"Urban, Chamarajanagar - KSPCB"
07-Apr-2018 - 00:00,08-Apr-2018 - 00:00,"Urban, Chamarajanagar - KSPCB"
08-Apr-2018 - 00:00,09-Apr-2018 - 00:00,"Urban, Chamarajanagar - KSPCB"
09-Apr-2018 - 00:00,10-Apr-2018 - 00:00,"Urban, Chamarajanagar - KSPCB"
10-Apr-2018 - 00:00,11-Apr-2018 - 00:00,"Urban, Chamarajanagar - KSPCB"
11-Apr-2018 - 00:00,12-Apr-2018 - 00:00,"Urban, Chamarajanagar - KSPCB"
12-Apr-2018 - 00:00,13-Apr-2018 - 00:00,"Urban, Chamarajanagar - KSPCB"
13-Apr-2018 - 00:00,14-Apr-2018 - 00:00,"Urban, Chamarajanagar - KSPCB"
14-Apr-2018 - 00:00,15-Apr-2018 - 00:00,"Urban, Chamarajanagar - KSPCB"
15-Apr-2018 - 00:00,16-Apr-2018 - 00:00,"Urban, Chamarajanagar - KSPCB"
16-Apr-2018 - 00:00,17-Apr-2018 - 00:00,"Urban, Chamarajanagar - KSPCB"
17-Apr-2018 - 00:00,18-Apr-2018 - 00:00,"Urban, Chamarajanagar - KSPCB"
18-Apr-2018 - 00:00,19-Apr-2018 - 00:00,"Urban, Chamarajanagar - KSPCB"
19-Apr-2018 - 00:00,20-Apr-2018 - 00:00,"Urban, Chamarajanagar - KSPCB"
20-Apr-2018 - 00:00,21-Apr-2018 - 00:00,"Urban, Chamarajanagar - KSPCB"
21-Apr-2018 - 00:00,22-Apr-2018 - 00:00,"Urban, Chamarajanagar - KSPCB"
22-Apr-2018 - 00:00,23-Apr-2018 - 00:00,"Urban, Chamarajanagar - KSPCB"
23-Apr-2018 - 00:00,24-Apr-2018 - 00:00,"Urban, Chamarajanagar - KSPCB"
24-Apr-2018 - 00:00,25-Apr-2018 - 00:00,"Urban, Chamarajanagar - KSPCB"
25-Apr-2018 - 00:00,26-Apr-2018 - 00:00,"Urban, Chamarajanagar - KSPCB"
26-Apr-2018 - 00:00,27-Apr-2018 - 00:00,"Urban, Chamarajanagar - KSPCB"
27-Apr-2018 - 00:00,28-Apr-2018 - 00:00,"Urban, Chamarajanagar - KSPCB"
28-Apr-2018 - 00:00,29-Apr-2018 - 00:00,"Urban, Chamarajanagar - KSPCB"
29-Apr-2018 - 00:00,30-Apr-2018 - 00:00,"Urban, Chamarajanagar - KSPCB"
30-Apr-2018 - 00:00,01-May-2018 - 00:00,"Urban, Chamarajanagar - KSPCB"
01-May-2018 - 00:00,02-May-2018 - 00:00,"Urban, Chamarajanagar - KSPCB"
02-May-2018 - 00:00,03-May-2018 - 00:00,"Urban, Chamarajanagar - KSPCB"
03-May-2018 - 00:00,04-May-2018 - 00:00,"Urban, Chamarajanagar - KSPCB"
04-May-2018 - 00:00,05-May-2018 - 00:00,"Urban, Chamarajanagar - KSPCB"
05-May-2018 - 00:00,06-May-2018 - 00:00,"Urban, Chamarajanagar - KSPCB"
06-May-2018 - 00:00,07-May-2018 - 00:00,"Urban, Chamarajanagar - KSPCB"
07-May-2018 - 00:00,08-May-2018 - 00:00,"Urban, Chamarajanagar - KSPCB"
08-May-2018 - 00:00,09-May-2018 - 00:00,"Urban, Chamarajanagar - KSPCB"
09-May-2018 - 00:00,10-May-2018 - 00:00,"Urban, Chamarajanagar - KSPCB"
10-May-2018 - 00:00,11-May-2018 - 00:00,"Urban, Chamarajanagar - KSPCB"
11-May-2018 - 00:00,12-May-2018 - 00:00,"Urban, Chamarajanagar - KSPCB"
12-May-2018 - 00:00,13-May-2018 - 00:00,"Urban, Chamarajanagar - KSPCB"
13-May-2018 - 00:00,14-May-2018 - 00:00,"Urban, Chamarajanagar - KSPCB"
14-May-2018 - 00:00,15-May-2018 - 00:00,"Urban, Chamarajanagar - KSPCB"
15-May-2018 - 00:00,16-May-2018 - 00:00,"Urban, Chamarajanagar - KSPCB"
16-May-2018 - 00:00,17-May-2018 - 00:00,"Urban, Chamarajanagar - KSPCB"
17-May-2018 - 00:00,18-May-2018 - 00:00,"Urban, Chamarajanagar - KSPCB"
18-May-2018 - 00:00,19-May-2018 - 00:00,"Urban, Chamarajanagar - KSPCB"
19-May-2018 - 00:00,20-May-2018 - 00:00,"Urban, Chamarajanagar - KSPCB"
20-May-2018 - 00:00,21-May-2018 - 00:00,"Urban, Chamarajanagar - KSPCB"
21-May-2018 - 00:00,22-May-2018 - 00:00,"Urban, Chamarajanagar - KSPCB"
22-May-2018 - 00:00,23-May-2018 - 00:00,"Urban, Chamarajanagar - KSPCB"
23-May-2018 - 00:00,24-May-2018 - 00:00,"Urban, Chamarajanagar - KSPCB"
24-May-2018 - 00:00,25-May-2018 - 00:00,"Urban, Chamarajanagar - KSPCB"
25-May-2018 - 00:00,26-May-2018 - 00:00,"Urban, Chamarajanagar - KSPCB"
26-May-2018 - 00:00,27-May-2018 - 00:00,"Urban, Chamarajanagar - KSPCB"
27-May-2018 - 00:00,28-May-2018 - 00:00,"Urban, Chamarajanagar - KSPCB"
28-May-2018 - 00:00,29-May-2018 - 00:00,"Urban, Chamarajanagar - KSPCB"
29-May-2018 - 00:00,30-May-2018 - 00:00,"Urban, Chamarajanagar - KSPCB"
30-May-2018 - 00:00,31-May-2018 - 00:00,"Urban, Chamarajanagar - KSPCB"
31-May-2018 - 00:00,01-Jun-2018 - 00:00,"Urban, Chamarajanagar - KSPCB"
01-Jun-2018 - 00:00,02-Jun-2018 - 00:00,"Urban, Chamarajanagar - KSPCB"
02-Jun-2018 - 00:00,03-Jun-2018 - 00:00,"Urban, Chamarajanagar - KSPCB"
03-Jun-2018 - 00:00,04-Jun-2018 - 00:00,"Urban, Chamarajanagar - KSPCB"
04-Jun-2018 - 00:00,05-Jun-2018 - 00:00,"Urban, Chamarajanagar - KSPCB"
05-Jun-2018 - 00:00,06-Jun-2018 - 00:00,"Urban, Chamarajanagar - KSPCB"
06-Jun-2018 - 00:00,07-Jun-2018 - 00:00,"Urban, Chamarajanagar - KSPCB"
07-Jun-2018 - 00:00,08-Jun-2018 - 00:00,"Urban, Chamarajanagar - KSPCB"
08-Jun-2018 - 00:00,09-Jun-2018 - 00:00,"Urban, Chamarajanagar - KSPCB"
09-Jun-2018 - 00:00,10-Jun-2018 - 00:00,"Urban, Chamarajanagar - KSPCB"
10-Jun-2018 - 00:00,11-Jun-2018 - 00:00,"Urban, Chamarajanagar - KSPCB"
11-Jun-2018 - 00:00,12-Jun-2018 - 00:00,"Urban, Chamarajanagar - KSPCB"
12-Jun-2018 - 00:00,13-Jun-2018 - 00:00,"Urban, Chamarajanagar - KSPCB"
13-Jun-2018 - 00:00,14-Jun-2018 - 00:00,"Urban, Chamarajanagar - KSPCB"
14-Jun-2018 - 00:00,15-Jun-2018 - 00:00,"Urban, Chamarajanagar - KSPCB"
15-Jun-2018 - 00:00,16-Jun-2018 - 00:00,"Urban, Chamarajanagar - KSPCB"
16-Jun-2018 - 00:00,17-Jun-2018 - 00:00,"Urban, Chamarajanagar - KSPCB"
17-Jun-2018 - 00:00,18-Jun-2018 - 00:00,"Urban, Chamarajanagar - KSPCB"
18-Jun-2018 - 00:00,19-Jun-2018 - 00:00,"Urban, Chamarajanagar - KSPCB"
19-Jun-2018 - 00:00,20-Jun-2018 - 00:00,"Urban, Chamarajanagar - KSPCB"
20-Jun-2018 - 00:00,21-Jun-2018 - 00:00,"Urban, Chamarajanagar - KSPCB"
21-Jun-2018 - 00:00,22-Jun-2018 - 00:00,"Urban, Chamarajanagar - KSPCB"
22-Jun-2018 - 00:00,23-Jun-2018 - 00:00,"Urban, Chamarajanagar - KSPCB"
23-Jun-2018 - 00:00,24-Jun-2018 - 00:00,"Urban, Chamarajanagar - KSPCB"
24-Jun-2018 - 00:00,25-Jun-2018 - 00:00,"Urban, Chamarajanagar - KSPCB"
25-Jun-2018 - 00:00,26-Jun-2018 - 00:00,"Urban, Chamarajanagar - KSPCB"
26-Jun-2018 - 00:00,27-Jun-2018 - 00:00,"Urban, Chamarajanagar - KSPCB"
27-Jun-2018 - 00:00,28-Jun-2018 - 00:00,"Urban, Chamarajanagar - KSPCB"
28-Jun-2018 - 00:00,29-Jun-2018 - 00:00,"Urban, Chamarajanagar - KSPCB"
29-Jun-2018 - 00:00,30-Jun-2018 - 00:00,"Urban, Chamarajanagar - KSPCB"
30-Jun-2018 - 00:00,01-Jul-2018 - 00:00,"Urban, Chamarajanagar - KSPCB"
01-Jul-2018 - 00:00,02-Jul-2018 - 00:00,"Urban, Chamarajanagar - KSPCB"
02-Jul-2018 - 00:00,03-Jul-2018 - 00:00,"Urban, Chamarajanagar - KSPCB"
03-Jul-2018 - 00:00,04-Jul-2018 - 00:00,"Urban, Chamarajanagar - KSPCB"
04-Jul-2018 - 00:00,05-Jul-2018 - 00:00,"Urban, Chamarajanagar - KSPCB"
05-Jul-2018 - 00:00,06-Jul-2018 - 00:00,"Urban, Chamarajanagar - KSPCB"
06-Jul-2018 - 00:00,07-Jul-2018 - 00:00,"Urban, Chamarajanagar - KSPCB"
07-Jul-2018 - 00:00,08-Jul-2018 - 00:00,"Urban, Chamarajanagar - KSPCB"
08-Jul-2018 - 00:00,09-Jul-2018 - 00:00,"Urban, Chamarajanagar - KSPCB"
09-Jul-2018 - 00:00,10-Jul-2018 - 00:00,"Urban, Chamarajanagar - KSPCB"
10-Jul-2018 - 00:00,11-Jul-2018 - 00:00,"Urban, Chamarajanagar - KSPCB"
11-Jul-2018 - 00:00,12-Jul-2018 - 00:00,"Urban, Chamarajanagar - KSPCB"
12-Jul-2018 - 00:00,13-Jul-2018 - 00:00,"Urban, Chamarajanagar - KSPCB"
13-Jul-2018 - 00:00,14-Jul-2018 - 00:00,"Urban, Chamarajanagar - KSPCB"
14-Jul-2018 - 00:00,15-Jul-2018 - 00:00,"Urban, Chamarajanagar - KSPCB"
15-Jul-2018 - 00:00,16-Jul-2018 - 00:00,"Urban, Chamarajanagar - KSPCB"
16-Jul-2018 - 00:00,17-Jul-2018 - 00:00,"Urban, Chamarajanagar - KSPCB"
17-Jul-2018 - 00:00,18-Jul-2018 - 00:00,"Urban, Chamarajanagar - KSPCB"
18-Jul-2018 - 00:00,19-Jul-2018 - 00:00,"Urban, Chamarajanagar - KSPCB"
19-Jul-2018 - 00:00,20-Jul-2018 - 00:00,"Urban, Chamarajanagar - KSPCB"
20-Jul-2018 - 00:00,21-Jul-2018 - 00:00,"Urban, Chamarajanagar - KSPCB"
21-Jul-2018 - 00:00,22-Jul-2018 - 00:00,"Urban, Chamarajanagar - KSPCB"
22-Jul-2018 - 00:00,23-Jul-2018 - 00:00,"Urban, Chamarajanagar - KSPCB"
23-Jul-2018 - 00:00,24-Jul-2018 - 00:00,"Urban, Chamarajanagar - KSPCB"
24-Jul-2018 - 00:00,25-Jul-2018 - 00:00,"Urban, Chamarajanagar - KSPCB"
25-Jul-2018 - 00:00,26-Jul-2018 - 00:00,"Urban, Chamarajanagar - KSPCB"
26-Jul-2018 - 00:00,27-Jul-2018 - 00:00,"Urban, Chamarajanagar - KSPCB"
27-Jul-2018 - 00:00,28-Jul-2018 - 00:00,"Urban, Chamarajanagar - KSPCB"
28-Jul-2018 - 00:00,29-Jul-2018 - 00:00,"Urban, Chamarajanagar - KSPCB"
29-Jul-2018 - 00:00,30-Jul-2018 - 00:00,"Urban, Chamarajanagar - KSPCB"
30-Jul-2018 - 00:00,31-Jul-2018 - 00:00,"Urban, Chamarajanagar - KSPCB"
31-Jul-2018 - 00:00,01-Aug-2018 - 00:00,"Urban, Chamarajanagar - KSPCB"
01-Aug-2018 - 00:00,02-Aug-2018 - 00:00,"Urban, Chamarajanagar - KSPCB"
02-Aug-2018 - 00:00,03-Aug-2018 - 00:00,"Urban, Chamarajanagar - KSPCB"
03-Aug-2018 - 00:00,04-Aug-2018 - 00:00,"Urban, Chamarajanagar - KSPCB"
04-Aug-2018 - 00:00,05-Aug-2018 - 00:00,"Urban, Chamarajanagar - KSPCB"
05-Aug-2018 - 00:00,06-Aug-2018 - 00:00,"Urban, Chamarajanagar - KSPCB"
06-Aug-2018 - 00:00,07-Aug-2018 - 00:00,"Urban, Chamarajanagar - KSPCB"
07-Aug-2018 - 00:00,08-Aug-2018 - 00:00,"Urban, Chamarajanagar - KSPCB"
08-Aug-2018 - 00:00,09-Aug-2018 - 00:00,"Urban, Chamarajanagar - KSPCB"
09-Aug-2018 - 00:00,10-Aug-2018 - 00:00,"Urban, Chamarajanagar - KSPCB"
10-Aug-2018 - 00:00,11-Aug-2018 - 00:00,"Urban, Chamarajanagar - KSPCB"
11-Aug-2018 - 00:00,12-Aug-2018 - 00:00,"Urban, Chamarajanagar - KSPCB"
12-Aug-2018 - 00:00,13-Aug-2018 - 00:00,"Urban, Chamarajanagar - KSPCB"
13-Aug-2018 - 00:00,14-Aug-2018 - 00:00,"Urban, Chamarajanagar - KSPCB"
14-Aug-2018 - 00:00,15-Aug-2018 - 00:00,"Urban, Chamarajanagar - KSPCB"
15-Aug-2018 - 00:00,16-Aug-2018 - 00:00,"Urban, Chamarajanagar - KSPCB"
16-Aug-2018 - 00:00,17-Aug-2018 - 00:00,"Urban, Chamarajanagar - KSPCB"
17-Aug-2018 - 00:00,18-Aug-2018 - 00:00,"Urban, Chamarajanagar - KSPCB"
18-Aug-2018 - 00:00,19-Aug-2018 - 00:00,"Urban, Chamarajanagar - KSPCB"
19-Aug-2018 - 00:00,20-Aug-2018 - 00:00,"Urban, Chamarajanagar - KSPCB"
20-Aug-2018 - 00:00,21-Aug-2018 - 00:00,"Urban, Chamarajanagar - KSPCB"
21-Aug-2018 - 00:00,22-Aug-2018 - 00:00,"Urban, Chamarajanagar - KSPCB"
22-Aug-2018 - 00:00,23-Aug-2018 - 00:00,"Urban, Chamarajanagar - KSPCB"
23-Aug-2018 - 00:00,24-Aug-2018 - 00:00,"Urban, Chamarajanagar - KSPCB"
24-Aug-2018 - 00:00,25-Aug-2018 - 00:00,"Urban, Chamarajanagar - KSPCB"
25-Aug-2018 - 00:00,26-Aug-2018 - 00:00,"Urban, Chamarajanagar - KSPCB"
26-Aug-2018 - 00:00,27-Aug-2018 - 00:00,"Urban, Chamarajanagar - KSPCB"
27-Aug-2018 - 00:00,28-Aug-2018 - 00:00,"Urban, Chamarajanagar - KSPCB"
28-Aug-2018 - 00:00,29-Aug-2018 - 00:00,"Urban, Chamarajanagar - KSPCB"
29-Aug-2018 - 00:00,30-Aug-2018 - 00:00,"Urban, Chamarajanagar - KSPCB"
30-Aug-2018 - 00:00,31-Aug-2018 - 00:00,"Urban, Chamarajanagar - KSPCB"
31-Aug-2018 - 00:00,01-Sep-2018 - 00:00,"Urban, Chamarajanagar - KSPCB"
01-Sep-2018 - 00:00,02-Sep-2018 - 00:00,"Urban, Chamarajanagar - KSPCB"
02-Sep-2018 - 00:00,03-Sep-2018 - 00:00,"Urban, Chamarajanagar - KSPCB"
03-Sep-2018 - 00:00,04-Sep-2018 - 00:00,"Urban, Chamarajanagar - KSPCB"
04-Sep-2018 - 00:00,05-Sep-2018 - 00:00,"Urban, Chamarajanagar - KSPCB"
05-Sep-2018 - 00:00,06-Sep-2018 - 00:00,"Urban, Chamarajanagar - KSPCB"
06-Sep-2018 - 00:00,07-Sep-2018 - 00:00,"Urban, Chamarajanagar - KSPCB"
07-Sep-2018 - 00:00,08-Sep-2018 - 00:00,"Urban, Chamarajanagar - KSPCB"
08-Sep-2018 - 00:00,09-Sep-2018 - 00:00,"Urban, Chamarajanagar - KSPCB"
09-Sep-2018 - 00:00,10-Sep-2018 - 00:00,"Urban, Chamarajanagar - KSPCB"
10-Sep-2018 - 00:00,11-Sep-2018 - 00:00,"Urban, Chamarajanagar - KSPCB"
11-Sep-2018 - 00:00,12-Sep-2018 - 00:00,"Urban, Chamarajanagar - KSPCB"
12-Sep-2018 - 00:00,13-Sep-2018 - 00:00,"Urban, Chamarajanagar - KSPCB"
13-Sep-2018 - 00:00,14-Sep-2018 - 00:00,"Urban, Chamarajanagar - KSPCB"
14-Sep-2018 - 00:00,15-Sep-2018 - 00:00,"Urban, Chamarajanagar - KSPCB"
15-Sep-2018 - 00:00,16-Sep-2018 - 00:00,"Urban, Chamarajanagar - KSPCB"
16-Sep-2018 - 00:00,17-Sep-2018 - 00:00,"Urban, Chamarajanagar - KSPCB"
17-Sep-2018 - 00:00,18-Sep-2018 - 00:00,"Urban, Chamarajanagar - KSPCB"
18-Sep-2018 - 00:00,19-Sep-2018 - 00:00,"Urban, Chamarajanagar - KSPCB"
19-Sep-2018 - 00:00,20-Sep-2018 - 00:00,"Urban, Chamarajanagar - KSPCB"
20-Sep-2018 - 00:00,21-Sep-2018 - 00:00,"Urban, Chamarajanagar - KSPCB"
21-Sep-2018 - 00:00,22-Sep-2018 - 00:00,"Urban, Chamarajanagar - KSPCB"
22-Sep-2018 - 00:00,23-Sep-2018 - 00:00,"Urban, Chamarajanagar - KSPCB"
23-Sep-2018 - 00:00,24-Sep-2018 - 00:00,"Urban, Chamarajanagar - KSPCB"
24-Sep-2018 - 00:00,25-Sep-2018 - 00:00,"Urban, Chamarajanagar - KSPCB"
25-Sep-2018 - 00:00,26-Sep-2018 - 00:00,"Urban, Chamarajanagar - KSPCB"
26-Sep-2018 - 00:00,27-Sep-2018 - 00:00,"Urban, Chamarajanagar - KSPCB"
27-Sep-2018 - 00:00,28-Sep-2018 - 00:00,"Urban, Chamarajanagar - KSPCB"
28-Sep-2018 - 00:00,29-Sep-2018 - 00:00,"Urban, Chamarajanagar - KSPCB"
29-Sep-2018 - 00:00,30-Sep-2018 - 00:00,"Urban, Chamarajanagar - KSPCB"
30-Sep-2018 - 00:00,01-Oct-2018 - 00:00,"Urban, Chamarajanagar - KSPCB"
01-Oct-2018 - 00:00,02-Oct-2018 - 00:00,"Urban, Chamarajanagar - KSPCB"
02-Oct-2018 - 00:00,03-Oct-2018 - 00:00,"Urban, Chamarajanagar - KSPCB"
03-Oct-2018 - 00:00,04-Oct-2018 - 00:00,"Urban, Chamarajanagar - KSPCB"
04-Oct-2018 - 00:00,05-Oct-2018 - 00:00,"Urban, Chamarajanagar - KSPCB"
05-Oct-2018 - 00:00,06-Oct-2018 - 00:00,"Urban, Chamarajanagar - KSPCB"
06-Oct-2018 - 00:00,07-Oct-2018 - 00:00,"Urban, Chamarajanagar - KSPCB"
07-Oct-2018 - 00:00,08-Oct-2018 - 00:00,"Urban, Chamarajanagar - KSPCB"
08-Oct-2018 - 00:00,09-Oct-2018 - 00:00,"Urban, Chamarajanagar - KSPCB"
09-Oct-2018 - 00:00,10-Oct-2018 - 00:00,"Urban, Chamarajanagar - KSPCB"
10-Oct-2018 - 00:00,11-Oct-2018 - 00:00,"Urban, Chamarajanagar - KSPCB"
11-Oct-2018 - 00:00,12-Oct-2018 - 00:00,"Urban, Chamarajanagar - KSPCB"
12-Oct-2018 - 00:00,13-Oct-2018 - 00:00,"Urban, Chamarajanagar - KSPCB"
13-Oct-2018 - 00:00,14-Oct-2018 - 00:00,"Urban, Chamarajanagar - KSPCB"
14-Oct-2018 - 00:00,15-Oct-2018 - 00:00,"Urban, Chamarajanagar - KSPCB"
15-Oct-2018 - 00:00,16-Oct-2018 - 00:00,"Urban, Chamarajanagar - KSPCB"
16-Oct-2018 - 00:00,17-Oct-2018 - 00:00,"Urban, Chamarajanagar - KSPCB"
17-Oct-2018 - 00:00,18-Oct-2018 - 00:00,"Urban, Chamarajanagar - KSPCB"
18-Oct-2018 - 00:00,19-Oct-2018 - 00:00,"Urban, Chamarajanagar - KSPCB"
19-Oct-2018 - 00:00,20-Oct-2018 - 00:00,"Urban, Chamarajanagar - KSPCB"
20-Oct-2018 - 00:00,21-Oct-2018 - 00:00,"Urban, Chamarajanagar - KSPCB"
21-Oct-2018 - 00:00,22-Oct-2018 - 00:00,"Urban, Chamarajanagar - KSPCB"
22-Oct-2018 - 00:00,23-Oct-2018 - 00:00,"Urban, Chamarajanagar - KSPCB"
23-Oct-2018 - 00:00,24-Oct-2018 - 00:00,"Urban, Chamarajanagar - KSPCB"
24-Oct-2018 - 00:00,25-Oct-2018 - 00:00,"Urban, Chamarajanagar - KSPCB"
25-Oct-2018 - 00:00,26-Oct-2018 - 00:00,"Urban, Chamarajanagar - KSPCB"
26-Oct-2018 - 00:00,27-Oct-2018 - 00:00,"Urban, Chamarajanagar - KSPCB"
27-Oct-2018 - 00:00,28-Oct-2018 - 00:00,"Urban, Chamarajanagar - KSPCB"
28-Oct-2018 - 00:00,29-Oct-2018 - 00:00,"Urban, Chamarajanagar - KSPCB"
29-Oct-2018 - 00:00,30-Oct-2018 - 00:00,"Urban, Chamarajanagar - KSPCB"
30-Oct-2018 - 00:00,31-Oct-2018 - 00:00,"Urban, Chamarajanagar - KSPCB"
31-Oct-2018 - 00:00,01-Nov-2018 - 00:00,"Urban, Chamarajanagar - KSPCB"
01-Nov-2018 - 00:00,02-Nov-2018 - 00:00,"Urban, Chamarajanagar - KSPCB"
02-Nov-2018 - 00:00,03-Nov-2018 - 00:00,"Urban, Chamarajanagar - KSPCB"
03-Nov-2018 - 00:00,04-Nov-2018 - 00:00,"Urban, Chamarajanagar - KSPCB"
04-Nov-2018 - 00:00,05-Nov-2018 - 00:00,"Urban, Chamarajanagar - KSPCB"
05-Nov-2018 - 00:00,06-Nov-2018 - 00:00,"Urban, Chamarajanagar - KSPCB"
06-Nov-2018 - 00:00,07-Nov-2018 - 00:00,"Urban, Chamarajanagar - KSPCB"
07-Nov-2018 - 00:00,08-Nov-2018 - 00:00,"Urban, Chamarajanagar - KSPCB"
08-Nov-2018 - 00:00,09-Nov-2018 - 00:00,"Urban, Chamarajanagar - KSPCB"
09-Nov-2018 - 00:00,10-Nov-2018 - 00:00,"Urban, Chamarajanagar - KSPCB"
10-Nov-2018 - 00:00,11-Nov-2018 - 00:00,"Urban, Chamarajanagar - KSPCB"
11-Nov-2018 - 00:00,12-Nov-2018 - 00:00,"Urban, Chamarajanagar - KSPCB"
12-Nov-2018 - 00:00,13-Nov-2018 - 00:00,"Urban, Chamarajanagar - KSPCB"
13-Nov-2018 - 00:00,14-Nov-2018 - 00:00,"Urban, Chamarajanagar - KSPCB"
14-Nov-2018 - 00:00,15-Nov-2018 - 00:00,"Urban, Chamarajanagar - KSPCB"
15-Nov-2018 - 00:00,16-Nov-2018 - 00:00,"Urban, Chamarajanagar - KSPCB"
16-Nov-2018 - 00:00,17-Nov-2018 - 00:00,"Urban, Chamarajanagar - KSPCB"
17-Nov-2018 - 00:00,18-Nov-2018 - 00:00,"Urban, Chamarajanagar - KSPCB"
18-Nov-2018 - 00:00,19-Nov-2018 - 00:00,"Urban, Chamarajanagar - KSPCB"
19-Nov-2018 - 00:00,20-Nov-2018 - 00:00,"Urban, Chamarajanagar - KSPCB"
20-Nov-2018 - 00:00,21-Nov-2018 - 00:00,"Urban, Chamarajanagar - KSPCB"
21-Nov-2018 - 00:00,22-Nov-2018 - 00:00,"Urban, Chamarajanagar - KSPCB"
22-Nov-2018 - 00:00,23-Nov-2018 - 00:00,"Urban, Chamarajanagar - KSPCB"
23-Nov-2018 - 00:00,24-Nov-2018 - 00:00,"Urban, Chamarajanagar - KSPCB"
24-Nov-2018 - 00:00,25-Nov-2018 - 00:00,"Urban, Chamarajanagar - KSPCB"
25-Nov-2018 - 00:00,26-Nov-2018 - 00:00,"Urban, Chamarajanagar - KSPCB"
26-Nov-2018 - 00:00,27-Nov-2018 - 00:00,"Urban, Chamarajanagar - KSPCB"
27-Nov-2018 - 00:00,28-Nov-2018 - 00:00,"Urban, Chamarajanagar - KSPCB"
28-Nov-2018 - 00:00,29-Nov-2018 - 00:00,"Urban, Chamarajanagar - KSPCB"
29-Nov-2018 - 00:00,30-Nov-2018 - 00:00,"Urban, Chamarajanagar - KSPCB"
30-Nov-2018 - 00:00,01-Dec-2018 - 00:00,"Urban, Chamarajanagar - KSPCB"
01-Dec-2018 - 00:00,02-Dec-2018 - 00:00,"Urban, Chamarajanagar - KSPCB"
02-Dec-2018 - 00:00,03-Dec-2018 - 00:00,"Urban, Chamarajanagar - KSPCB"
03-Dec-2018 - 00:00,04-Dec-2018 - 00:00,"Urban, Chamarajanagar - KSPCB"
04-Dec-2018 - 00:00,05-Dec-2018 - 00:00,"Urban, Chamarajanagar - KSPCB"
05-Dec-2018 - 00:00,06-Dec-2018 - 00:00,"Urban, Chamarajanagar - KSPCB"
06-Dec-2018 - 00:00,07-Dec-2018 - 00:00,"Urban, Chamarajanagar - KSPCB"
07-Dec-2018 - 00:00,08-Dec-2018 - 00:00,"Urban, Chamarajanagar - KSPCB"
08-Dec-2018 - 00:00,09-Dec-2018 - 00:00,"Urban, Chamarajanagar - KSPCB"
09-Dec-2018 - 00:00,10-Dec-2018 - 00:00,"Urban, Chamarajanagar - KSPCB"
10-Dec-2018 - 00:00,11-Dec-2018 - 00:00,"Urban, Chamarajanagar - KSPCB"
11-Dec-2018 - 00:00,12-Dec-2018 - 00:00,"Urban, Chamarajanagar - KSPCB"
12-Dec-2018 - 00:00,13-Dec-2018 - 00:00,"Urban, Chamarajanagar - KSPCB"
13-Dec-2018 - 00:00,14-Dec-2018 - 00:00,"Urban, Chamarajanagar - KSPCB"
14-Dec-2018 - 00:00,15-Dec-2018 - 00:00,"Urban, Chamarajanagar - KSPCB"
15-Dec-2018 - 00:00,16-Dec-2018 - 00:00,"Urban, Chamarajanagar - KSPCB"
16-Dec-2018 - 00:00,17-Dec-2018 - 00:00,"Urban, Chamarajanagar - KSPCB"
17-Dec-2018 - 00:00,18-Dec-2018 - 00:00,"Urban, Chamarajanagar - KSPCB"
18-Dec-2018 - 00:00,19-Dec-2018 - 00:00,"Urban, Chamarajanagar - KSPCB"
19-Dec-2018 - 00:00,20-Dec-2018 - 00:00,"Urban, Chamarajanagar - KSPCB"
20-Dec-2018 - 00:00,21-Dec-2018 - 00:00,"Urban, Chamarajanagar - KSPCB"
21-Dec-2018 - 00:00,22-Dec-2018 - 00:00,"Urban, Chamarajanagar - KSPCB"
22-Dec-2018 - 00:00,23-Dec-2018 - 00:00,"Urban, Chamarajanagar - KSPCB"
23-Dec-2018 - 00:00,24-Dec-2018 - 00:00,"Urban, Chamarajanagar - KSPCB"
24-Dec-2018 - 00:00,25-Dec-2018 - 00:00,"Urban, Chamarajanagar - KSPCB"
25-Dec-2018 - 00:00,26-Dec-2018 - 00:00,"Urban, Chamarajanagar - KSPCB"
26-Dec-2018 - 00:00,27-Dec-2018 - 00:00,"Urban, Chamarajanagar - KSPCB"
27-Dec-2018 - 00:00,28-Dec-2018 - 00:00,"Urban, Chamarajanagar - KSPCB"
28-Dec-2018 - 00:00,29-Dec-2018 - 00:00,"Urban, Chamarajanagar - KSPCB"
29-Dec-2018 - 00:00,30-Dec-2018 - 00:00,"Urban, Chamarajanagar - KSPCB"
30-Dec-2018 - 00:00,31-Dec-2018 - 00:00,"Urban, Chamarajanagar - KSPCB"
31-Dec-2018 - 00:00,01-Jan-2019 - 00:00,"Urban, Chamarajanagar - KSPCB"
